-- phpMyAdmin SQL Dump
-- version 4.0.9
-- http://www.phpmyadmin.net
--
-- Servidor: 127.0.0.1
-- Tiempo de generaci贸n: 17-06-2014 a las 20:36:24
-- Versi贸n del servidor: 5.6.14
-- Versi贸n de PHP: 5.5.6

SET SQL_MODE = "NO_AUTO_VALUE_ON_ZERO";
SET time_zone = "+00:00";


/*!40101 SET @OLD_CHARACTER_SET_CLIENT=@@CHARACTER_SET_CLIENT */;
/*!40101 SET @OLD_CHARACTER_SET_RESULTS=@@CHARACTER_SET_RESULTS */;
/*!40101 SET @OLD_COLLATION_CONNECTION=@@COLLATION_CONNECTION */;
/*!40101 SET NAMES utf8 */;

--
-- Base de datos: `possp`
--

-- --------------------------------------------------------

--
-- Estructura de tabla para la tabla `ospos_app_config`
--

DROP TABLE IF EXISTS `ospos_app_config`;
CREATE TABLE IF NOT EXISTS `ospos_app_config` (
  `key` varchar(255) NOT NULL,
  `value` varchar(255) NOT NULL,
  PRIMARY KEY (`key`)
) ENGINE=MyISAM DEFAULT CHARSET=latin1;

--
-- Volcado de datos para la tabla `ospos_app_config`
--

INSERT INTO `ospos_app_config` (`key`, `value`) VALUES
('address', '2112 SW 74th St, Oklahoma City, OK 73159, Estados Unidos'),
('company', 'Fast I Repair'),
('default_tax_rate', '8'),
('email', 'info@om-parts.com'),
('fax', '123'),
('phone', '+1 405-601-7020'),
('return_policy', 'All Sales Final\r\n'),
('timezone', 'America/Caracas'),
('website', ' http://www.om-parts.com/'),
('default_tax_1_rate', '8.365'),
('default_tax_1_name', 'Sales Tax'),
('default_tax_2_rate', ''),
('default_tax_2_name', ''),
('currency_symbol', '$'),
('language', 'english'),
('print_after_sale', 'print_after_sale'),
('logo', 'logo.png'),
('alert_after_sale', '0'),
('default_service', '20.00'),
('default_item_percentage', '1.00');

-- --------------------------------------------------------

--
-- Estructura de tabla para la tabla `ospos_brand`
--

DROP TABLE IF EXISTS `ospos_brand`;
CREATE TABLE IF NOT EXISTS `ospos_brand` (
  `brand_id` int(11) NOT NULL AUTO_INCREMENT,
  `brand_name` varchar(50) NOT NULL,
  PRIMARY KEY (`brand_id`)
) ENGINE=InnoDB  DEFAULT CHARSET=latin1 AUTO_INCREMENT=2 ;

--
-- Volcado de datos para la tabla `ospos_brand`
--

INSERT INTO `ospos_brand` (`brand_id`, `brand_name`)
VALUES
  (1, 'Apple'),
  (2, 'Samsung'),
  (3, 'Nokia'),
  (4, 'Sony Ericsson'),
  (5, 'LG'),
  (6, 'HTC'),
  (7, 'Huawei'),
  (8, 'Motorola'),
  (9, 'Blackberry'),
  (10, 'ZTE'),
  (11, 'Microsoft'),
  (12, 'Siemens');


-- --------------------------------------------------------

--
-- Estructura de tabla para la tabla `ospos_customers`
--

DROP TABLE IF EXISTS `ospos_customers`;
CREATE TABLE IF NOT EXISTS `ospos_customers` (
  `person_id` int(10) NOT NULL,
  `account_number` varchar(255) DEFAULT NULL,
  `taxable` int(1) NOT NULL DEFAULT '1',
  `deleted` int(1) NOT NULL DEFAULT '0',
  PRIMARY KEY (`person_id`),
  UNIQUE KEY `account_number` (`account_number`)
) ENGINE=MyISAM DEFAULT CHARSET=latin1;

--
-- Volcado de datos para la tabla `ospos_customers`
--

INSERT INTO `ospos_customers` (`person_id`, `account_number`, `taxable`, `deleted`) VALUES
(2, NULL, 0, 0),
(3, NULL, 1, 0),
(46, NULL, 1, 0),
(47, 'cuentapropia', 1, 1),
(48, NULL, 1, 1),
(53, NULL, 0, 1),
(55, NULL, 0, 0),
(57, NULL, 0, 0);

-- --------------------------------------------------------

--
-- Estructura de tabla para la tabla `ospos_employees`
--

DROP TABLE IF EXISTS `ospos_employees`;
CREATE TABLE IF NOT EXISTS `ospos_employees` (
  `person_id` int(10) NOT NULL,
  `username` varchar(255) NOT NULL,
  `password` varchar(255) NOT NULL,
  `id_schedule` int(1) DEFAULT '1',
  `deleted` int(1) NOT NULL DEFAULT '0',
  `lastChatActivity` int(2) NOT NULL,
  `type_employees` varchar(20) DEFAULT NULL,
  PRIMARY KEY (`person_id`),
  UNIQUE KEY `username` (`username`)
) ENGINE=MyISAM DEFAULT CHARSET=latin1;

--
-- Volcado de datos para la tabla `ospos_employees`
--

INSERT INTO `ospos_employees` (`person_id`, `username`, `password`, `id_schedule`, `deleted`, `lastChatActivity`, `type_employees`) VALUES
(1, 'admin', '21232f297a57a5a743894a0e4a801fc3', 1, 0, 0, 'administrator'),
(4, 'speed', '21232f297a57a5a743894a0e4a801fc3', 1, 0, 0, 'administrator'),
(43, 'alberto', 'd852f92d887c3788efb8c08c38788969', 1, 0, 0, 'administrator'),
(45, 'Rasta', '25d55ad283aa400af464c76d713c07ad', 1, 0, 0, 'administrator'),
(50, 'mhernandez', '25d55ad283aa400af464c76d713c07ad', 1, 1, 0, 'administrator'),
(52, 'gocanto', '25d55ad283aa400af464c76d713c07ad', 1, 0, 0, 'administrator'),
(54, 'wfranco', '25d55ad283aa400af464c76d713c07ad', 1, 0, 0, 'administrator');

-- --------------------------------------------------------

--
-- Estructura de tabla para la tabla `ospos_employees_profile`
--

DROP TABLE IF EXISTS `ospos_employees_profile`;
CREATE TABLE IF NOT EXISTS `ospos_employees_profile` (
  `profile_name` varchar(50) NOT NULL DEFAULT '',
  `module_id` varchar(255) NOT NULL DEFAULT '',
  `privileges` varchar(100) DEFAULT NULL,
  PRIMARY KEY (`profile_name`,`module_id`)
) ENGINE=InnoDB DEFAULT CHARSET=latin1;

--
-- Volcado de datos para la tabla `ospos_employees_profile`
--

INSERT INTO `ospos_employees_profile` (`profile_name`, `module_id`, `privileges`) VALUES
('administrator', 'config', 'save'),
('administrator', 'customers', 'add,update,delete'),
('administrator', 'employees', 'add,update,delete'),
('administrator', 'giftcards', 'add,update,delete'),
('administrator', 'items', 'add,update,delete'),
('administrator', 'item_kits', 'add,update,delete'),
('administrator', 'receivings', 'none'),
('administrator', 'reports', 'none'),
('administrator', 'sales', 'none'),
('administrator', 'services', 'add,update,delete'),
('administrator', 'suppliers', 'add,update,delete'),
('administrator', 'stock_control', 'Receivings,Shipping,Orders');

-- --------------------------------------------------------

--
-- Estructura de tabla para la tabla `ospos_employees_schedule`
--

DROP TABLE IF EXISTS `ospos_employees_schedule`;
CREATE TABLE IF NOT EXISTS `ospos_employees_schedule` (
  `id` int(11) NOT NULL AUTO_INCREMENT,
  `employee_id` int(11) NOT NULL,
  `date` date NOT NULL,
  `login` time NOT NULL,
  `logout` time DEFAULT NULL,
  `location` varchar(20) DEFAULT NULL,
  PRIMARY KEY (`id`)
) ENGINE=InnoDB DEFAULT CHARSET=latin1;

-- --------------------------------------------------------

--
-- Estructura de tabla para la tabla `ospos_giftcards`
--

DROP TABLE IF EXISTS `ospos_giftcards`;
CREATE TABLE IF NOT EXISTS `ospos_giftcards` (
  `giftcard_id` int(11) NOT NULL AUTO_INCREMENT,
  `giftcard_number` varchar(25) COLLATE utf8_unicode_ci NOT NULL,
  `value` double(15,2) NOT NULL,
  `deleted` int(1) NOT NULL DEFAULT '0',
  PRIMARY KEY (`giftcard_id`),
  UNIQUE KEY `giftcard_number` (`giftcard_number`)
) ENGINE=MyISAM  DEFAULT CHARSET=utf8 COLLATE=utf8_unicode_ci AUTO_INCREMENT=6 ;

--
-- Volcado de datos para la tabla `ospos_giftcards`
--

INSERT INTO `ospos_giftcards` (`giftcard_id`, `giftcard_number`, `value`, `deleted`) VALUES
(1, '001', 5000.13, 0),
(2, '90', 78314.75, 0),
(3, '140783', 986.00, 0),
(4, '12321321', 800.00, 0),
(5, '25514524', 0.00, 0);

-- --------------------------------------------------------

--
-- Estructura de tabla para la tabla `ospos_inventory`
--

DROP TABLE IF EXISTS `ospos_inventory`;
CREATE TABLE IF NOT EXISTS `ospos_inventory` (
  `trans_id` int(11) NOT NULL AUTO_INCREMENT,
  `trans_items` int(11) NOT NULL DEFAULT '0',
  `trans_user` int(11) NOT NULL DEFAULT '0',
  `trans_date` timestamp NOT NULL DEFAULT CURRENT_TIMESTAMP,
  `trans_comment` text NOT NULL,
  `trans_inventory` int(11) NOT NULL DEFAULT '0',
  PRIMARY KEY (`trans_id`),
  KEY `ospos_inventory_ibfk_1` (`trans_items`),
  KEY `ospos_inventory_ibfk_2` (`trans_user`)
) ENGINE=MyISAM  DEFAULT CHARSET=latin1 AUTO_INCREMENT=581 ;

--
-- Volcado de datos para la tabla `ospos_inventory`
--

INSERT INTO `ospos_inventory` (`trans_id`, `trans_items`, `trans_user`, `trans_date`, `trans_comment`, `trans_inventory`) VALUES
(1, 1, 1, '2012-11-02 16:00:24', 'Manual Edit of Quantity', 80),
(2, 1, 1, '2012-11-02 15:05:01', 'POS 1', -1),
(3, 1, 1, '2012-11-02 18:47:58', 'Manual Edit of Quantity', 0),
(4, 2, 1, '2012-11-02 18:49:45', 'Manual Edit of Quantity', 30),
(5, 3, 1, '2012-11-02 18:50:56', 'Manual Edit of Quantity', 1000),
(6, 1, 1, '2012-11-02 18:53:57', 'POS 2', -1),
(7, 2, 1, '2012-11-02 18:53:57', 'POS 2', -1),
(8, 3, 1, '2012-11-02 18:53:57', 'POS 2', -1),
(9, 4, 1, '2012-11-03 12:52:20', 'Manual Edit of Quantity', 8),
(10, 4, 1, '2012-11-03 12:53:46', 'Manual Edit of Quantity', 0),
(11, 5, 1, '2012-11-03 12:54:41', 'Manual Edit of Quantity', 42),
(12, 4, 1, '2012-11-03 12:55:15', 'POS 3', -1),
(13, 5, 1, '2012-11-03 12:55:15', 'POS 3', -1),
(14, 6, 1, '2012-11-03 13:01:52', 'Manual Edit of Quantity', 11),
(15, 4, 1, '2012-11-03 13:02:28', 'Manual Edit of Quantity', 0),
(16, 7, 1, '2012-11-03 13:11:11', 'Manual Edit of Quantity', 5),
(17, 8, 1, '2012-11-03 13:12:17', 'Manual Edit of Quantity', 2),
(18, 9, 1, '2012-11-03 13:13:33', 'Manual Edit of Quantity', 5),
(19, 10, 1, '2012-11-03 13:14:34', 'Manual Edit of Quantity', 2),
(20, 11, 1, '2012-11-03 13:15:44', 'Manual Edit of Quantity', 2),
(21, 12, 1, '2012-11-03 13:18:50', 'Manual Edit of Quantity', 1),
(22, 13, 1, '2012-11-03 13:19:37', 'Manual Edit of Quantity', 1),
(23, 14, 1, '2012-11-03 13:22:10', 'Manual Edit of Quantity', 10),
(24, 14, 1, '2012-11-03 13:22:41', 'Manual Edit of Quantity', 0),
(25, 15, 1, '2012-11-03 13:23:51', 'Manual Edit of Quantity', 10),
(26, 16, 1, '2012-11-03 13:24:43', 'Manual Edit of Quantity', 4),
(27, 9, 1, '2012-11-03 13:25:13', 'Manual Edit of Quantity', 0),
(28, 17, 1, '2012-11-03 13:26:26', 'Manual Edit of Quantity', 9),
(29, 18, 1, '2012-11-03 13:29:37', 'Manual Edit of Quantity', 10),
(30, 19, 1, '2012-11-03 13:30:29', 'Manual Edit of Quantity', 10),
(31, 20, 1, '2012-11-03 13:31:57', 'Manual Edit of Quantity', 5),
(32, 21, 1, '2012-11-03 13:32:46', 'Manual Edit of Quantity', 5),
(33, 22, 1, '2012-11-03 13:34:50', 'Manual Edit of Quantity', 7),
(34, 23, 1, '2012-11-03 13:35:25', 'Manual Edit of Quantity', 10),
(35, 24, 1, '2012-11-03 13:38:16', 'Manual Edit of Quantity', 2),
(36, 25, 1, '2012-11-03 13:42:05', 'Manual Edit of Quantity', 2),
(37, 26, 1, '2012-11-03 13:43:17', 'Manual Edit of Quantity', 2),
(38, 25, 1, '2012-11-03 13:43:35', 'Manual Edit of Quantity', 0),
(39, 27, 1, '2012-11-03 13:44:37', 'Manual Edit of Quantity', 1),
(40, 28, 1, '2012-11-03 13:45:33', 'Manual Edit of Quantity', 1),
(41, 29, 1, '2012-11-03 13:51:30', 'Manual Edit of Quantity', 3),
(42, 30, 1, '2012-11-03 13:52:05', 'Manual Edit of Quantity', 4),
(43, 31, 1, '2012-11-03 13:52:55', 'Manual Edit of Quantity', 7),
(44, 32, 1, '2012-11-03 13:54:57', 'Manual Edit of Quantity', 6),
(45, 33, 3, '2012-11-03 13:57:44', 'Manual Edit of Quantity', 2),
(46, 34, 3, '2012-11-03 13:59:28', 'Manual Edit of Quantity', 2),
(47, 35, 3, '2012-11-03 13:59:33', 'Manual Edit of Quantity', 2),
(48, 29, 3, '2012-11-03 18:39:25', 'POS 4', -1),
(49, 5, 3, '2012-11-03 19:24:52', 'POS 5', -1),
(50, 20, 1, '2012-11-04 14:29:12', 'POS 6', -1),
(51, 23, 1, '2012-11-04 17:40:51', 'POS 7', -1),
(52, 36, 1, '2012-11-04 17:42:33', 'Manual Edit of Quantity', 0),
(53, 36, 1, '2012-11-04 17:48:20', 'POS 8', -1),
(54, 5, 1, '2012-11-04 17:48:20', 'POS 8', -1),
(55, 4, 1, '2012-11-04 17:57:06', 'POS 9', -1),
(56, 5, 1, '2012-11-04 17:57:06', 'POS 9', -1),
(57, 36, 1, '2012-11-05 11:31:02', 'POS 10', -1),
(58, 36, 1, '2012-11-05 12:26:45', 'POS 11', -1),
(59, 36, 1, '2012-11-05 18:14:19', 'POS 12', -1),
(60, 5, 1, '2012-11-05 18:14:19', 'POS 12', -1),
(61, 36, 1, '2012-11-06 10:15:57', 'POS 13', -1),
(62, 36, 1, '2012-11-06 11:52:11', 'POS 14', -1),
(63, 37, 1, '2012-11-06 13:46:49', 'Manual Edit of Quantity', 10),
(64, 38, 1, '2012-11-06 13:47:35', 'Manual Edit of Quantity', 10),
(65, 39, 1, '2012-11-06 13:48:07', 'Manual Edit of Quantity', 4),
(66, 40, 1, '2012-11-06 13:48:39', 'Manual Edit of Quantity', 5),
(67, 41, 1, '2012-11-06 13:50:29', 'Manual Edit of Quantity', 10),
(68, 42, 1, '2012-11-06 13:50:46', 'Manual Edit of Quantity', 6),
(69, 43, 1, '2012-11-06 13:51:24', 'Manual Edit of Quantity', 4),
(70, 44, 1, '2012-11-06 13:51:39', 'Manual Edit of Quantity', 1),
(71, 45, 1, '2012-11-06 13:52:11', 'Manual Edit of Quantity', 5),
(72, 46, 1, '2012-11-06 13:53:00', 'Manual Edit of Quantity', 10),
(73, 47, 1, '2012-11-06 13:54:05', 'Manual Edit of Quantity', 9),
(74, 48, 1, '2012-11-06 13:54:31', 'Manual Edit of Quantity', 4),
(75, 49, 1, '2012-11-06 13:55:13', 'Manual Edit of Quantity', 10),
(76, 50, 1, '2012-11-06 13:55:37', 'Manual Edit of Quantity', 1),
(77, 51, 1, '2012-11-06 13:56:10', 'Manual Edit of Quantity', 5),
(78, 52, 1, '2012-11-06 13:56:38', 'Manual Edit of Quantity', 2),
(79, 53, 1, '2012-11-06 13:57:14', 'Manual Edit of Quantity', 2),
(80, 54, 1, '2012-11-06 13:58:13', 'Manual Edit of Quantity', 5),
(81, 55, 1, '2012-11-06 13:58:42', 'Manual Edit of Quantity', 2),
(82, 56, 1, '2012-11-06 13:59:34', 'Manual Edit of Quantity', 2),
(83, 57, 1, '2012-11-06 13:59:58', 'Manual Edit of Quantity', 2),
(84, 58, 1, '2012-11-06 14:00:44', 'Manual Edit of Quantity', 2),
(85, 59, 1, '2012-11-06 14:03:25', 'Manual Edit of Quantity', 5),
(86, 60, 1, '2012-11-06 14:04:00', 'Manual Edit of Quantity', 5),
(87, 61, 1, '2012-11-06 14:05:21', 'Manual Edit of Quantity', 4),
(88, 62, 1, '2012-11-06 14:06:29', 'Manual Edit of Quantity', 4),
(89, 63, 1, '2012-11-06 14:08:03', 'Manual Edit of Quantity', 1),
(90, 64, 1, '2012-11-06 14:08:36', 'Manual Edit of Quantity', 3),
(91, 65, 1, '2012-11-06 14:09:15', 'Manual Edit of Quantity', 3),
(92, 66, 1, '2012-11-06 14:09:45', 'Manual Edit of Quantity', 3),
(93, 67, 1, '2012-11-06 14:10:08', 'Manual Edit of Quantity', 4),
(94, 68, 1, '2012-11-06 14:10:30', 'Manual Edit of Quantity', 2),
(95, 69, 1, '2012-11-06 14:10:52', 'Manual Edit of Quantity', 2),
(96, 70, 1, '2012-11-06 14:11:21', 'Manual Edit of Quantity', 2),
(97, 71, 1, '2012-11-06 14:12:04', 'Manual Edit of Quantity', 3),
(98, 72, 1, '2012-11-06 14:12:43', 'Manual Edit of Quantity', 2),
(99, 73, 1, '2012-11-06 14:19:26', 'Manual Edit of Quantity', 6),
(100, 74, 1, '2012-11-06 14:20:07', 'Manual Edit of Quantity', 4),
(101, 75, 1, '2012-11-06 14:21:23', 'Manual Edit of Quantity', 4),
(102, 76, 1, '2012-11-06 14:22:24', 'Manual Edit of Quantity', 11),
(103, 77, 1, '2012-11-06 14:22:55', 'Manual Edit of Quantity', 5),
(104, 78, 1, '2012-11-06 14:23:29', 'Manual Edit of Quantity', 8),
(105, 79, 1, '2012-11-06 14:24:30', 'Manual Edit of Quantity', 36),
(106, 80, 1, '2012-11-06 14:25:14', 'Manual Edit of Quantity', 6),
(107, 81, 1, '2012-11-06 14:25:50', 'Manual Edit of Quantity', 6),
(108, 82, 1, '2012-11-06 14:26:26', 'Manual Edit of Quantity', 3),
(109, 83, 1, '2012-11-06 14:26:51', 'Manual Edit of Quantity', 4),
(110, 84, 1, '2012-11-06 14:27:31', 'Manual Edit of Quantity', 4),
(111, 85, 1, '2012-11-06 14:27:48', 'Manual Edit of Quantity', 4),
(112, 86, 1, '2012-11-06 14:31:03', 'Manual Edit of Quantity', 10),
(113, 87, 1, '2012-11-06 14:31:25', 'Manual Edit of Quantity', 10),
(114, 78, 1, '2012-11-06 15:42:41', 'POS 15', -1),
(115, 49, 1, '2012-11-06 18:06:11', 'POS 16', -1),
(116, 66, 1, '2012-11-06 18:06:11', 'POS 16', -1),
(117, 88, 1, '2012-11-06 19:01:52', 'Manual Edit of Quantity', 100),
(118, 89, 1, '2012-11-06 19:02:13', 'Manual Edit of Quantity', 100),
(119, 88, 1, '2012-11-06 19:05:34', 'POS 17', -1),
(120, 78, 1, '2012-11-06 19:19:08', 'POS 18', -1),
(121, 89, 1, '2012-11-06 19:46:18', 'POS 19', -1),
(122, 89, 6, '2012-11-06 19:58:43', 'POS 20', -1),
(123, 61, 6, '2012-11-06 20:09:38', 'Manual Edit of Quantity', 0),
(124, 58, 6, '2012-11-06 20:10:25', 'Manual Edit of Quantity', 0),
(125, 88, 6, '2012-11-06 20:14:59', 'Manual Edit of Quantity', 0),
(126, 90, 6, '2012-11-06 20:16:54', 'Manual Edit of Quantity', 1),
(127, 55, 5, '2012-11-07 18:28:28', 'POS 21', -1),
(128, 89, 5, '2012-11-07 18:32:05', 'POS 22', -1),
(129, 89, 5, '2012-11-07 18:32:51', 'POS 23', -1),
(130, 89, 6, '2012-11-07 18:51:21', 'POS 24', -1),
(131, 89, 5, '2012-11-07 18:51:22', 'POS 25', -1),
(132, 89, 6, '2012-11-08 16:30:07', 'POS 26', -2),
(133, 89, 6, '2012-11-08 16:41:46', 'POS 27', -1),
(134, 80, 5, '2012-11-08 18:09:32', 'POS 28', -1),
(135, 80, 5, '2012-11-08 18:12:25', 'POS 29', -1),
(136, 81, 5, '2012-11-08 18:12:25', 'POS 29', -1),
(137, 69, 5, '2012-11-08 20:45:48', 'POS 30', -1),
(138, 89, 6, '2012-11-09 11:09:42', 'POS 31', -1),
(139, 47, 6, '2012-11-09 16:23:34', 'POS 32', -1),
(140, 89, 6, '2012-11-09 16:24:17', 'POS 33', -1),
(141, 86, 5, '2012-11-09 18:58:38', 'POS 34', -1),
(142, 50, 5, '2012-11-09 20:44:47', 'POS 35', -1),
(143, 42, 6, '2012-11-10 15:49:10', 'POS 36', -1),
(144, 89, 6, '2012-11-10 17:27:02', 'POS 37', -1),
(145, 89, 6, '2012-11-10 20:04:52', 'POS 38', -1),
(146, 89, 6, '2012-11-10 20:39:36', 'POS 39', -1),
(147, 89, 6, '2012-11-10 20:40:08', 'POS 40', -1),
(148, 89, 6, '2012-11-11 10:37:46', 'POS 41', -1),
(149, 89, 6, '2012-11-11 13:40:46', 'POS 42', -1),
(150, 89, 6, '2012-11-11 13:41:58', 'POS 43', -1),
(151, 79, 6, '2012-11-11 16:27:11', 'POS 44', -1),
(152, 89, 6, '2012-11-11 17:42:56', 'POS 45', -1),
(153, 89, 6, '2012-11-11 17:44:54', 'POS 46', -1),
(154, 89, 6, '2012-11-11 19:32:03', 'POS 47', -1),
(155, 48, 6, '2012-11-12 15:17:15', 'POS 48', -1),
(156, 43, 6, '2012-11-12 15:19:14', 'POS 49', -1),
(157, 89, 6, '2012-11-12 15:23:04', 'POS 50', -1),
(158, 53, 6, '2012-11-12 15:49:36', 'Manual Edit of Quantity', -1),
(159, 64, 6, '2012-11-12 15:50:42', 'Manual Edit of Quantity', 0),
(160, 89, 6, '2012-11-12 16:50:13', 'POS 51', -1),
(161, 89, 6, '2012-11-12 16:53:48', 'POS 52', -1),
(162, 89, 5, '2012-11-12 20:58:34', 'POS 53', -1),
(163, 41, 6, '2012-11-13 12:20:59', 'POS 54', -1),
(164, 89, 6, '2012-11-13 17:44:19', 'POS 55', -1),
(165, 61, 5, '2012-11-13 20:41:30', 'POS 56', -1),
(166, 89, 6, '2012-11-14 12:58:53', 'POS 57', -1),
(167, 89, 6, '2012-11-14 13:37:16', 'POS 58', -1),
(168, 61, 5, '2012-11-14 20:48:43', 'POS 59', -1),
(169, 50, 5, '2012-11-14 20:52:51', 'POS 60', -1),
(170, 37, 5, '2012-11-15 20:49:40', 'POS 61', -1),
(171, 91, 1, '2012-11-16 13:58:53', 'Manual Edit of Quantity', 3),
(172, 92, 1, '2012-11-16 13:59:19', 'Manual Edit of Quantity', 3),
(173, 45, 5, '2012-11-16 17:10:17', 'POS 62', -1),
(174, 37, 5, '2012-11-16 19:32:01', 'POS 63', -1),
(175, 45, 5, '2012-11-16 20:39:55', 'POS 64', -1),
(176, 89, 6, '2012-11-17 15:28:36', 'POS 65', -1),
(177, 80, 6, '2012-11-17 18:55:13', 'POS 66', -1),
(178, 39, 5, '2012-11-20 19:11:13', 'POS 67', -1),
(179, 84, 5, '2012-11-20 21:24:07', 'POS 68', -1),
(180, 85, 5, '2012-11-20 21:24:07', 'POS 68', -1),
(181, 89, 5, '2012-11-20 21:29:48', 'POS 69', -1),
(182, 73, 1, '2012-11-21 14:44:37', 'Manual Edit of Quantity', 1),
(183, 73, 1, '2012-11-21 14:45:24', '', -1),
(184, 93, 6, '2012-11-23 10:22:07', 'Manual Edit of Quantity', 1),
(185, 93, 6, '2012-11-23 10:22:28', 'RECV 1', 1),
(186, 41, 6, '2012-11-23 12:21:00', 'POS 70', -1),
(187, 78, 6, '2012-11-23 12:21:00', 'POS 70', -1),
(188, 78, 6, '2012-11-23 12:42:39', 'POS 71', -1),
(189, 94, 6, '2012-11-23 13:05:17', 'Manual Edit of Quantity', 3),
(190, 94, 6, '2012-11-23 13:08:23', 'POS 72', -1),
(191, 95, 6, '2012-11-23 13:10:14', 'Manual Edit of Quantity', 15),
(192, 95, 6, '2012-11-23 13:13:17', 'POS 73', -1),
(193, 76, 6, '2012-11-23 15:06:30', 'POS 74', -2),
(194, 76, 6, '2012-11-23 15:07:33', 'POS 75', -1),
(195, 48, 6, '2012-11-23 16:18:08', 'POS 76', -1),
(196, 78, 6, '2012-11-23 16:38:43', 'POS 77', -1),
(197, 37, 1, '2012-11-23 18:10:24', 'POS 78', -1),
(198, 89, 1, '2012-11-23 20:43:19', 'POS 79', -1),
(199, 89, 1, '2012-11-23 20:54:22', 'POS 80', -1),
(200, 89, 1, '2012-11-24 11:18:38', 'POS 81', -1),
(201, 79, 1, '2012-11-24 11:41:23', 'POS 82', -1),
(202, 95, 1, '2012-11-24 11:41:23', 'POS 82', -1),
(203, 78, 1, '2012-11-24 12:23:46', 'POS 83', -1),
(204, 47, 6, '2012-11-24 14:38:22', 'POS 84', -1),
(205, 45, 6, '2012-11-24 14:58:30', 'POS 85', -1),
(206, 89, 6, '2012-11-24 16:27:06', 'POS 86', -1),
(207, 42, 6, '2012-11-24 16:28:17', 'POS 87', -1),
(208, 42, 6, '2012-11-24 17:01:32', 'POS 88', -1),
(209, 76, 6, '2012-11-24 17:01:32', 'POS 88', -1),
(210, 77, 6, '2012-11-24 17:07:13', 'POS 89', -1),
(211, 89, 6, '2012-11-24 17:07:13', 'POS 89', -1),
(212, 89, 6, '2012-11-24 17:26:48', 'POS 90', -1),
(213, 76, 6, '2012-11-24 18:46:35', 'POS 91', -1),
(214, 39, 6, '2012-11-24 18:46:35', 'POS 91', -1),
(215, 79, 6, '2012-11-24 19:50:13', 'POS 92', -1),
(216, 89, 6, '2012-11-24 20:56:40', 'POS 93', -1),
(217, 45, 1, '2013-02-25 13:44:22', 'POS 94', -1),
(218, 69, 1, '2013-02-25 13:44:22', 'POS 94', -1),
(219, 43, 1, '2013-02-25 13:46:21', 'POS 95', -1),
(220, 65, 1, '2013-02-25 13:46:21', 'POS 95', -1),
(221, 45, 1, '2013-04-24 14:04:07', 'Manual Edit of Quantity', 7),
(222, 50, 1, '2013-04-29 08:22:45', 'POS 96', -1),
(223, 69, 1, '2013-04-29 08:22:45', 'POS 96', -4),
(224, 46, 1, '2013-04-29 08:22:45', 'POS 96', -1),
(225, 45, 9, '2013-04-29 09:40:07', 'POS 97', -8),
(226, 65, 9, '2013-04-29 09:40:07', 'POS 97', -1),
(227, 44, 9, '2013-04-29 09:40:07', 'POS 97', -1),
(228, 93, 9, '2013-04-29 14:02:30', 'POS 98', -2),
(229, 65, 9, '2013-04-29 14:02:30', 'POS 98', -1),
(230, 68, 9, '2013-04-29 14:02:30', 'POS 98', -2),
(231, 88, 1, '2013-04-29 14:18:30', 'POS 99', -9),
(232, 45, 1, '2013-04-30 08:53:02', 'Manual Edit of Quantity', 800),
(233, 96, 1, '2013-04-30 10:44:01', 'Manual Edit of Quantity', 99),
(234, 45, 9, '2013-04-30 15:18:12', 'POS 100', -200),
(235, 69, 9, '2013-04-30 15:18:53', 'POS 101', -1),
(236, 68, 9, '2013-04-30 15:18:53', 'POS 101', -1),
(237, 45, 1, '2013-05-06 08:57:44', 'Manual Edit of Quantity', 50),
(238, 69, 1, '2013-05-06 08:57:57', 'Manual Edit of Quantity', 11),
(239, 50, 1, '2013-05-06 08:58:05', 'Manual Edit of Quantity', 4),
(240, 68, 1, '2013-05-06 08:58:13', 'Manual Edit of Quantity', 11),
(241, 45, 1, '2013-05-07 15:18:04', '', 200),
(242, 45, 1, '2013-05-08 10:00:06', '', -60),
(243, 69, 1, '2013-05-08 10:55:43', 'more more', 200),
(244, 45, 1, '2013-05-09 09:23:54', '', 90),
(245, 45, 1, '2013-05-09 09:24:15', '', 80),
(246, 45, 1, '2013-05-09 09:30:01', '', 60),
(247, 69, 1, '2013-05-09 09:31:26', '', 6),
(248, 69, 1, '2013-05-09 09:31:27', '', 6),
(249, 45, 1, '2013-05-09 09:31:40', '', 65),
(250, 45, 1, '2013-05-09 09:31:41', '', 65),
(251, 45, 1, '2013-05-09 09:33:12', '', 23),
(252, 45, 1, '2013-05-09 09:33:36', '', 90),
(253, 45, 1, '2013-05-09 09:33:40', '', 90),
(254, 45, 1, '2013-05-09 09:34:38', '', 3),
(255, 45, 1, '2013-05-09 09:34:43', '', 60),
(256, 45, 1, '2013-05-09 09:35:37', '', 200),
(257, 45, 1, '2013-05-09 10:04:21', '', 1000),
(258, 45, 1, '2013-05-09 10:07:26', '', 20),
(259, 45, 1, '2013-05-09 10:17:39', '', 40),
(260, 45, 1, '2013-05-09 10:17:42', '', 40),
(261, 45, 1, '2013-05-09 10:17:43', '', 40),
(262, 45, 1, '2013-05-09 10:20:51', '', 20),
(263, 45, 1, '2013-05-09 10:20:58', '', 40),
(264, 45, 1, '2013-05-09 10:21:01', '', 40),
(265, 45, 1, '2013-05-09 10:24:25', '', 3000),
(266, 45, 1, '2013-05-09 10:24:31', '', -500),
(267, 45, 1, '2013-05-09 10:24:39', '', 100),
(268, 45, 1, '2013-05-10 08:09:38', '', 2000),
(269, 45, 1, '2013-05-10 08:09:46', '', -802),
(270, 45, 1, '2013-05-10 08:14:17', '', 250),
(271, 45, 1, '2013-05-10 08:18:19', '', 501),
(272, 45, 1, '2013-05-10 08:18:27', '', -52),
(273, 45, 1, '2013-05-10 09:16:48', '', 400),
(274, 45, 1, '2013-05-10 09:20:11', '', 400),
(275, 45, 1, '2013-05-10 14:03:05', '', 75),
(276, 45, 1, '2013-05-10 14:03:07', '', 75),
(277, 45, 1, '2013-05-13 09:11:57', '', 75),
(278, 45, 1, '2013-05-13 09:27:22', '', 801),
(279, 45, 1, '2013-05-13 13:28:50', '', 20),
(280, 45, 1, '2013-05-13 13:28:55', '', -5),
(281, 45, 1, '2013-05-13 13:29:01', '', 20),
(282, 45, 1, '2013-05-13 13:29:15', '', 8000),
(283, 45, 1, '2013-05-13 13:29:23', '', 2222),
(284, 45, 1, '2013-05-13 13:42:05', '', 2),
(285, 45, 1, '2013-05-13 13:43:05', '', 752),
(286, 45, 1, '2013-05-20 08:30:26', '', 200),
(287, 45, 1, '2013-05-20 08:30:39', 'A otra bd', 100),
(288, 56, 1, '2013-05-21 14:28:15', 'Manual Edit of Quantity', 0),
(289, 45, 1, '2013-05-23 10:14:27', 'POS 102', -100),
(290, 65, 1, '2013-05-25 16:16:59', 'POS 103', -1),
(291, 43, 1, '2013-05-25 16:26:27', 'POS 104', -1),
(292, 65, 1, '2013-05-25 16:38:15', 'POS 105', -1),
(293, 97, 1, '2013-05-28 14:00:28', 'Manual Edit of Quantity', 10),
(294, 97, 1, '2013-05-28 14:02:24', 'Manual Edit of Quantity', 0),
(295, 97, 1, '2013-05-28 14:02:25', 'Manual Edit of Quantity', 0),
(296, 97, 1, '2013-05-28 14:04:04', 'Manual Edit of Quantity', 0),
(297, 98, 1, '2013-11-19 12:46:33', 'Manual Edit of Quantity', 40),
(298, 99, 1, '2013-11-19 12:46:39', 'Manual Edit of Quantity', 40),
(299, 100, 1, '2013-11-19 12:46:56', 'Manual Edit of Quantity', 40),
(300, 101, 1, '2013-11-19 12:46:57', 'Manual Edit of Quantity', 40),
(301, 102, 1, '2013-11-19 12:46:58', 'Manual Edit of Quantity', 40),
(302, 103, 1, '2013-11-19 12:47:00', 'Manual Edit of Quantity', 40),
(303, 104, 1, '2013-11-19 12:47:01', 'Manual Edit of Quantity', 40),
(304, 105, 1, '2013-11-19 12:47:02', 'Manual Edit of Quantity', 40),
(305, 106, 1, '2013-11-19 12:47:03', 'Manual Edit of Quantity', 40),
(306, 107, 1, '2013-11-19 12:47:04', 'Manual Edit of Quantity', 40),
(307, 108, 1, '2013-11-19 12:47:05', 'Manual Edit of Quantity', 40),
(308, 109, 1, '2013-11-19 12:47:06', 'Manual Edit of Quantity', 40),
(309, 110, 1, '2013-11-19 12:47:08', 'Manual Edit of Quantity', 40),
(310, 111, 1, '2013-11-19 12:47:09', 'Manual Edit of Quantity', 40),
(311, 112, 1, '2013-11-19 12:47:10', 'Manual Edit of Quantity', 40),
(312, 113, 1, '2013-11-19 12:51:47', 'Manual Edit of Quantity', 2312),
(313, 114, 1, '2013-11-19 12:51:51', 'Manual Edit of Quantity', 2312),
(314, 115, 1, '2013-11-19 12:51:52', 'Manual Edit of Quantity', 2312),
(315, 116, 1, '2013-11-19 12:51:53', 'Manual Edit of Quantity', 2312),
(316, 117, 1, '2013-11-19 12:51:55', 'Manual Edit of Quantity', 2312),
(317, 118, 1, '2013-11-19 12:51:56', 'Manual Edit of Quantity', 2312),
(318, 119, 1, '2013-11-19 12:51:57', 'Manual Edit of Quantity', 2312),
(319, 120, 1, '2013-11-19 12:51:58', 'Manual Edit of Quantity', 2312),
(320, 121, 1, '2013-11-19 12:51:59', 'Manual Edit of Quantity', 2312),
(321, 122, 1, '2013-11-19 12:52:00', 'Manual Edit of Quantity', 2312),
(322, 123, 1, '2013-11-19 12:52:01', 'Manual Edit of Quantity', 2312),
(323, 124, 1, '2013-11-19 12:52:03', 'Manual Edit of Quantity', 2312),
(324, 125, 1, '2013-11-19 12:52:04', 'Manual Edit of Quantity', 2312),
(325, 126, 1, '2013-11-19 12:52:05', 'Manual Edit of Quantity', 2312),
(326, 127, 1, '2013-11-19 12:52:06', 'Manual Edit of Quantity', 2312),
(327, 128, 1, '2013-11-19 12:52:07', 'Manual Edit of Quantity', 2312),
(328, 129, 1, '2013-11-19 12:52:08', 'Manual Edit of Quantity', 2312),
(329, 130, 1, '2013-11-19 12:52:10', 'Manual Edit of Quantity', 2312),
(330, 98, 1, '2013-12-05 13:25:07', 'RECV 2', 1),
(331, 71, 1, '2013-12-05 13:25:07', 'RECV 2', 1),
(332, 8, 1, '2013-12-05 13:25:07', 'RECV 2', 1),
(333, 107, 1, '2013-12-05 13:30:07', 'RECV 3', 1),
(334, 107, 1, '2013-12-05 13:35:50', 'RECV 4', 1),
(335, 98, 1, '2013-12-06 13:22:46', 'RECV 5', 20),
(336, 62, 1, '2013-12-13 17:22:18', 'RECV 6', 1),
(337, 99, 1, '2013-12-13 17:22:19', 'RECV 6', 20),
(338, 20, 1, '2014-01-13 13:41:00', 'RECV 7', 17),
(339, 71, 1, '2014-01-13 13:41:00', 'RECV 7', 4),
(340, 99, 1, '2014-01-13 13:41:00', 'RECV 7', 22),
(341, 100, 1, '2014-01-13 13:41:00', 'RECV 7', 7),
(342, 101, 1, '2014-01-13 13:41:00', 'RECV 7', 12),
(343, 102, 1, '2014-01-13 13:41:00', 'RECV 7', 23),
(344, 103, 1, '2014-01-13 13:41:00', 'RECV 7', 78),
(345, 20, 1, '2014-01-13 13:51:20', 'RECV 8', 17),
(346, 71, 1, '2014-01-13 13:51:20', 'RECV 8', 4),
(347, 99, 1, '2014-01-13 13:51:20', 'RECV 8', 22),
(348, 100, 1, '2014-01-13 13:51:20', 'RECV 8', 7),
(349, 101, 1, '2014-01-13 13:51:20', 'RECV 8', 12),
(350, 102, 1, '2014-01-13 13:51:20', 'RECV 8', 23),
(351, 103, 1, '2014-01-13 13:51:20', 'RECV 8', 78),
(352, 111, 1, '2014-01-13 14:18:24', 'RECV 9', 1),
(353, 112, 1, '2014-01-13 14:18:24', 'RECV 9', 1),
(354, 104, 1, '2014-01-15 18:03:41', 'RECV 10', 2),
(355, 105, 1, '2014-01-15 18:03:41', 'RECV 10', 4),
(356, 106, 1, '2014-01-15 18:03:41', 'RECV 10', 6),
(357, 104, 1, '2014-01-15 18:06:26', 'RECV 11', 8),
(358, 104, 1, '2014-01-15 18:07:16', 'RECV 12', 8),
(359, 104, 1, '2014-01-17 17:22:50', 'RECV 13', 2),
(360, 105, 1, '2014-01-17 17:22:50', 'RECV 13', 4),
(361, 106, 1, '2014-01-17 17:22:50', 'RECV 13', 6),
(362, 104, 1, '2014-01-20 11:59:07', 'RECV 14', 8),
(363, 104, 1, '2014-01-20 12:02:03', 'RECV 15', 8),
(364, 104, 1, '2014-01-20 12:02:34', 'RECV 16', 2),
(365, 105, 1, '2014-01-20 12:02:34', 'RECV 16', 4),
(366, 106, 1, '2014-01-20 12:02:34', 'RECV 16', 6),
(367, 1, 1, '2014-01-20 12:04:58', 'RECV 17', 20),
(368, 20, 1, '2014-01-20 12:04:58', 'RECV 17', 5),
(369, 82, 1, '2014-01-20 12:04:58', 'RECV 17', 1),
(370, 1, 1, '2014-01-20 12:08:02', 'RECV 18', 20),
(371, 20, 1, '2014-01-20 12:08:02', 'RECV 18', 5),
(372, 82, 1, '2014-01-20 12:08:02', 'RECV 18', 1),
(373, 20, 1, '2014-01-20 12:12:48', 'RECV 19', 17),
(374, 71, 1, '2014-01-20 12:12:48', 'RECV 19', 4),
(375, 99, 1, '2014-01-20 12:12:48', 'RECV 19', 22),
(376, 100, 1, '2014-01-20 12:12:48', 'RECV 19', 7),
(377, 101, 1, '2014-01-20 12:12:48', 'RECV 19', 12),
(378, 102, 1, '2014-01-20 12:12:48', 'RECV 19', 23),
(379, 103, 1, '2014-01-20 12:12:48', 'RECV 19', 78),
(380, 104, 1, '2014-01-20 16:23:46', 'RECV 20', 8),
(381, 104, 1, '2014-01-20 16:31:47', 'RECV 21', 8),
(382, 104, 1, '2014-01-20 17:19:44', 'RECV 22', 8),
(383, 104, 1, '2014-01-20 17:20:46', 'RECV 23', 2),
(384, 105, 1, '2014-01-20 17:20:46', 'RECV 23', 4),
(385, 106, 1, '2014-01-20 17:20:46', 'RECV 23', 6),
(386, 104, 1, '2014-01-20 17:37:49', 'RECV 24', 8),
(387, 104, 1, '2014-01-20 17:48:40', 'RECV 25', 8),
(388, 104, 1, '2014-01-20 17:49:53', 'RECV 26', 8),
(389, 104, 1, '2014-01-20 18:00:50', 'RECV 27', 8),
(390, 108, 1, '2014-01-20 18:01:37', 'RECV 28', 1),
(391, 108, 1, '2014-01-20 18:02:04', 'RECV 29', 1),
(392, 20, 1, '2014-01-20 18:03:07', 'RECV 30', 17),
(393, 71, 1, '2014-01-20 18:03:07', 'RECV 30', 4),
(394, 99, 1, '2014-01-20 18:03:07', 'RECV 30', 22),
(395, 100, 1, '2014-01-20 18:03:07', 'RECV 30', 7),
(396, 101, 1, '2014-01-20 18:03:07', 'RECV 30', 12),
(397, 102, 1, '2014-01-20 18:03:07', 'RECV 30', 23),
(398, 103, 1, '2014-01-20 18:03:07', 'RECV 30', 78),
(399, 104, 1, '2014-01-20 18:11:21', 'RECV 31', 8),
(400, 20, 1, '2014-01-20 18:57:13', 'RECV 32', 17),
(401, 71, 1, '2014-01-20 18:57:13', 'RECV 32', 4),
(402, 99, 1, '2014-01-20 18:57:13', 'RECV 32', 22),
(403, 100, 1, '2014-01-20 18:57:13', 'RECV 32', 7),
(404, 101, 1, '2014-01-20 18:57:13', 'RECV 32', 12),
(405, 102, 1, '2014-01-20 18:57:13', 'RECV 32', 23),
(406, 103, 1, '2014-01-20 18:57:13', 'RECV 32', 78),
(407, 104, 1, '2014-01-20 19:42:44', 'RECV 33', 8),
(408, 104, 1, '2014-01-20 19:48:49', 'RECV 34', 8),
(409, 108, 1, '2014-01-21 19:12:02', 'RECV 35', 1),
(410, 108, 1, '2014-01-21 19:22:22', 'RECV 36', 1),
(411, 108, 1, '2014-01-21 19:24:56', 'RECV 37', 1),
(412, 1, 1, '2014-01-21 19:28:36', 'RECV 38', 20),
(413, 20, 1, '2014-01-21 19:28:36', 'RECV 38', 5),
(414, 82, 1, '2014-01-21 19:28:36', 'RECV 38', 1),
(415, 1, 1, '2014-01-21 19:30:09', 'RECV 39', 20),
(416, 20, 1, '2014-01-21 19:30:09', 'RECV 39', 5),
(417, 82, 1, '2014-01-21 19:30:09', 'RECV 39', 1),
(418, 108, 1, '2014-01-22 19:24:56', 'RECV 40', 1),
(419, 20, 1, '2014-01-22 19:32:37', 'RECV 41', 17),
(420, 71, 1, '2014-01-22 19:32:37', 'RECV 41', 4),
(421, 99, 1, '2014-01-22 19:32:37', 'RECV 41', 22),
(422, 100, 1, '2014-01-22 19:32:37', 'RECV 41', 7),
(423, 101, 1, '2014-01-22 19:32:37', 'RECV 41', 12),
(424, 102, 1, '2014-01-22 19:32:37', 'RECV 41', 23),
(425, 103, 1, '2014-01-22 19:32:37', 'RECV 41', 78),
(426, 20, 1, '2014-01-22 19:45:47', 'RECV 42', 17),
(427, 71, 1, '2014-01-22 19:45:47', 'RECV 42', 4),
(428, 99, 1, '2014-01-22 19:45:47', 'RECV 42', 22),
(429, 100, 1, '2014-01-22 19:45:47', 'RECV 42', 7),
(430, 101, 1, '2014-01-22 19:45:47', 'RECV 42', 12),
(431, 102, 1, '2014-01-22 19:45:47', 'RECV 42', 23),
(432, 103, 1, '2014-01-22 19:45:47', 'RECV 42', 78),
(433, 9, 1, '2014-01-23 12:33:04', 'POS 106', -1),
(434, 69, 1, '2014-01-23 12:33:04', 'POS 106', -1),
(435, 98, 1, '2014-01-23 13:38:51', 'POS 107', -1),
(436, 106, 1, '2014-01-23 13:38:51', 'POS 107', -1),
(437, 106, 1, '2014-01-23 16:47:50', 'POS 108', -1),
(438, 106, 1, '2014-01-23 17:07:10', 'POS 109', -2),
(439, 98, 1, '2014-01-27 12:27:17', 'POS 110', -1),
(440, 98, 1, '2014-01-27 18:05:06', 'POS 111', -1),
(441, 98, 1, '2014-01-27 18:05:45', 'POS 112', -1),
(442, 106, 1, '2014-01-27 18:55:57', 'POS 113', -3),
(443, 98, 1, '2014-01-27 18:55:57', 'POS 113', -6),
(444, 98, 1, '2014-01-28 16:38:25', 'POS 114', -16),
(445, 108, 1, '2014-01-28 16:38:25', 'POS 114', -11),
(446, 98, 1, '2014-01-28 16:47:34', 'POS 115', -1),
(447, 45, 1, '2014-01-28 16:49:10', 'POS 116', -6),
(448, 34, 1, '2014-01-28 16:54:59', 'POS 117', -6),
(449, 106, 1, '2014-01-28 19:08:23', 'POS 1', -5),
(450, 106, 1, '2014-01-28 19:12:56', 'POS 2', -6),
(451, 109, 1, '2014-01-28 19:12:56', 'POS 2', -1),
(452, 106, 1, '2014-01-28 19:14:33', 'POS 1', -6),
(453, 106, 1, '2014-01-28 19:15:55', 'POS 2', -4),
(454, 110, 1, '2014-01-28 19:15:55', 'POS 2', -3),
(455, 102, 1, '2014-01-29 11:41:28', 'POS 1', -161),
(456, 50, 1, '2014-01-29 11:43:30', 'POS 2', -3),
(457, 85, 1, '2014-01-29 11:59:15', 'POS 1', -1),
(458, 106, 1, '2014-01-29 12:03:44', 'POS 2', -2),
(459, 58, 1, '2014-01-29 12:21:40', 'POS 3', -1),
(460, 106, 1, '2014-01-29 12:23:02', 'POS 4', -2),
(461, 109, 1, '2014-01-29 12:23:02', 'POS 4', -2),
(462, 111, 1, '2014-01-29 12:23:02', 'POS 4', -1),
(463, 105, 1, '2014-01-29 12:25:45', 'POS 5', -2),
(464, 106, 1, '2014-01-29 13:13:02', 'POS 6', -2),
(465, 110, 1, '2014-01-29 13:14:01', 'POS 7', -2),
(466, 106, 1, '2014-02-04 12:38:37', 'POS 8', -6),
(467, 109, 1, '2014-02-04 12:38:37', 'POS 8', -18),
(468, 111, 1, '2014-02-04 12:38:37', 'POS 8', -8),
(469, 9, 1, '2014-02-04 12:40:11', 'Manual Edit of Quantity', 0),
(470, 45, 1, '2014-02-04 12:40:51', 'Manual Edit of Quantity', 0),
(471, 9, 1, '2014-02-04 12:43:34', 'POS 9', -1),
(472, 104, 1, '2014-02-04 12:47:56', 'RECV 43', 8),
(473, 98, 1, '2014-02-06 12:17:26', 'POS 10', -1),
(474, 106, 1, '2014-03-05 19:12:20', 'RECV 44', 2),
(475, 33, 1, '2014-03-26 13:31:43', 'Manual Edit of Quantity', 0),
(476, 131, 1, '2014-03-26 13:41:13', 'Manual Edit of Quantity', 20),
(477, 132, 1, '2014-03-26 14:04:19', 'Manual Edit of Quantity', 15),
(478, 69, 1, '2014-03-26 14:29:13', 'gustavo', 3),
(479, 69, 1, '2014-03-26 14:30:30', '', -3),
(480, 69, 1, '2014-03-26 14:31:15', '', -6),
(481, 133, 43, '2014-03-26 14:35:06', 'Manual Edit of Quantity', 9),
(482, 133, 43, '2014-03-26 14:50:11', 'Manual Edit of Quantity', 0),
(483, 9, -1, '2014-03-26 14:50:38', 'POS 11', -1),
(484, 106, -1, '2014-03-26 14:54:38', 'POS 12', -1),
(485, 65, -1, '2014-03-26 15:22:15', 'POS 13', -1),
(486, 59, -1, '2014-03-26 15:22:15', 'POS 13', -1),
(487, 59, 43, '2014-03-26 15:23:34', 'RECV 45', 1),
(488, 65, 43, '2014-03-26 15:23:34', 'RECV 45', 1),
(489, 50, -1, '2014-03-26 15:25:39', 'POS 14', -1),
(490, 65, -1, '2014-03-26 15:25:39', 'POS 14', -1),
(491, 68, -1, '2014-03-26 15:25:39', 'POS 14', -1),
(492, 16, -1, '2014-03-26 15:29:10', 'POS 15', -2),
(493, 69, -1, '2014-03-26 15:29:10', 'POS 15', -1),
(494, 69, -1, '2014-03-26 15:33:01', 'POS 16', -2),
(495, 59, 43, '2014-03-26 15:40:28', 'RECV 46', 1),
(496, 65, 43, '2014-03-26 15:40:28', 'RECV 46', 1),
(497, 43, -1, '2014-03-26 15:41:07', 'POS 17', -1),
(498, 43, 45, '2014-03-26 15:41:37', 'RECV 47', 1),
(499, 98, -1, '2014-03-26 15:43:12', 'POS 18', -1),
(500, 50, -1, '2014-03-26 15:43:42', 'POS 19', -18),
(501, 40, -1, '2014-03-26 15:43:42', 'POS 19', -3),
(502, 134, 1, '2014-03-26 15:49:45', 'Manual Edit of Quantity', 10),
(503, 135, 1, '2014-03-26 15:52:14', 'Manual Edit of Quantity', 30),
(504, 43, 45, '2014-03-26 15:52:17', 'RECV 48', 1),
(505, 34, -1, '2014-03-26 16:02:07', 'POS 20', -1),
(506, 61, -1, '2014-03-26 16:02:47', 'POS 21', -1),
(507, 87, -1, '2014-03-26 17:44:04', 'POS 22', -8),
(508, 87, -1, '2014-03-26 17:45:05', 'POS 23', -1),
(509, 69, 1, '2014-03-26 18:21:35', '', 10),
(510, 69, 1, '2014-03-26 18:24:10', 'MIHa', 5),
(511, 4, -1, '2014-03-26 18:26:54', 'POS 24', -1),
(512, 65, -1, '2014-03-26 18:28:55', 'POS 25', -1),
(513, 72, -1, '2014-03-26 18:33:56', 'POS 26', -4),
(514, 69, 1, '2014-03-26 20:00:06', 'Manual Edit of Quantity', 0),
(515, 98, -1, '2014-04-04 15:09:16', 'POS 11', -1),
(516, 108, -1, '2014-04-04 15:09:16', 'POS 11', -1),
(517, 111, -1, '2014-04-04 15:09:16', 'POS 11', -1),
(518, 98, -1, '2014-04-11 19:21:33', 'POS 27', -1),
(519, 108, -1, '2014-04-11 19:22:06', 'POS 28', -1),
(520, 106, -1, '2014-04-11 20:11:15', 'POS 29', -1),
(521, 98, -1, '2014-04-22 15:05:00', 'POS 30', -3),
(522, 99, -1, '2014-04-22 15:05:00', 'POS 30', -2),
(523, 100, -1, '2014-04-22 15:05:00', 'POS 30', -1),
(524, 26, -1, '2014-04-22 15:23:36', 'POS 31', -9),
(525, 26, 1, '2014-04-22 21:04:11', 'RECV 45', 9),
(526, 98, -1, '2014-04-23 16:28:10', 'POS 32', -1),
(527, 107, -1, '2014-04-23 16:29:34', 'POS 33', -1),
(528, 21, -1, '2014-04-23 16:30:47', 'POS 34', -1),
(529, 98, -1, '2014-04-23 16:31:41', 'POS 35', -1),
(530, 107, -1, '2014-04-24 15:59:12', 'POS 36', -1),
(531, 99, -1, '2014-04-24 15:59:12', 'POS 36', -1),
(532, 107, -1, '2014-04-24 16:01:22', 'POS 37', -1),
(533, 99, -1, '2014-04-24 16:01:22', 'POS 37', -1),
(534, 107, -1, '2014-04-24 16:01:25', 'POS 38', -1),
(535, 99, -1, '2014-04-24 16:01:25', 'POS 38', -1),
(536, 63, -1, '2014-04-24 16:02:34', 'POS 39', -6),
(537, 63, -1, '2014-04-24 16:03:06', 'POS 40', -6),
(538, 63, -1, '2014-04-24 16:04:15', 'POS 41', -6),
(539, 63, -1, '2014-04-24 16:05:23', 'POS 42', -1),
(540, 112, -1, '2014-04-24 15:51:29', 'POS 12', -4),
(541, 104, -1, '2014-04-24 15:51:29', 'POS 12', -1),
(542, 104, -1, '2014-04-24 15:54:50', 'POS 13', -1),
(543, 104, -1, '2014-04-24 16:00:38', 'POS 14', -1),
(544, 108, -1, '2014-04-24 16:02:59', 'POS 15', -1),
(545, 108, 1, '2014-04-24 17:01:12', 'RECV 49', 1),
(546, 102, -1, '2014-04-24 18:24:01', 'POS 43', -1),
(547, 102, 1, '2014-04-24 17:55:19', 'RECV 46', 1),
(548, 110, -1, '2014-04-25 20:51:22', 'POS 44', -1),
(549, 108, -1, '2014-04-25 20:51:23', 'POS 44', -1),
(550, 112, -1, '2014-04-25 20:51:23', 'POS 44', -1),
(551, 98, -1, '2014-04-25 20:52:16', 'POS 45', -1),
(552, 106, -1, '2014-04-25 20:52:16', 'POS 45', -1),
(553, 107, -1, '2014-04-25 20:52:16', 'POS 45', -1),
(554, 102, 1, '2014-04-29 18:07:16', 'RECV 47', 1),
(555, 69, 1, '2014-05-05 18:39:29', 'Manual Edit of Quantity', 0),
(556, 69, 1, '2014-05-07 20:12:20', 'Manual Edit of Quantity', 0),
(557, 69, 1, '2014-05-07 20:13:00', 'Manual Edit of Quantity', 0),
(558, 107, -1, '2014-05-21 19:19:37', 'POS 46', -1),
(559, 98, -1, '2014-05-26 14:10:24', 'POS 47', -4),
(560, 99, -1, '2014-05-26 14:10:24', 'POS 47', -1),
(561, 100, -1, '2014-05-26 14:10:24', 'POS 47', -2),
(562, 106, -1, '2014-05-26 15:23:21', 'POS 48', -1),
(563, 110, -1, '2014-05-26 15:24:06', 'POS 49', -5),
(564, 45, -1, '2014-05-26 20:23:50', 'POS 50', -1),
(565, 98, 1, '2014-05-29 14:04:09', 'RECV 50', 1),
(566, 98, -1, '2014-05-29 14:05:54', 'POS 51', -9),
(567, 69, 1, '2014-05-29 14:16:09', 'Manual Edit of Quantity', 0),
(568, 9, 1, '2014-05-29 14:59:16', 'RECV 51', 30),
(569, 21, 1, '2014-05-29 14:59:16', 'RECV 51', 100),
(570, 53, 1, '2014-05-29 14:59:16', 'RECV 51', 20),
(571, 69, 1, '2014-05-29 15:21:42', '', 50),
(572, 53, 1, '2014-05-29 15:27:54', 'RECV 52', 5),
(573, 69, 1, '2014-05-29 15:31:37', 'Edici贸n Manual de Cantidad', 35),
(574, 4, 1, '2014-05-29 19:39:00', 'Manual Edit of Quantity', -1),
(575, 1, -1, '2014-06-05 20:17:04', 'POS 52', -5),
(576, 0, 54, '2014-06-16 21:07:14', 'Manual Edit of Quantity', 0),
(577, 0, 54, '2014-06-16 21:20:35', 'Manual Edit of Quantity', 0),
(578, 3, 54, '2014-06-17 16:08:04', 'Manual Edit of Quantity', -10),
(579, 1, 54, '2014-06-17 16:20:29', 'Manual Edit of Quantity', -10),
(580, 3, 54, '2014-06-17 16:42:07', 'Manual Edit of Quantity', -10);

-- --------------------------------------------------------

--
-- Estructura de tabla para la tabla `ospos_items`
--

DROP TABLE IF EXISTS `ospos_items`;
CREATE TABLE IF NOT EXISTS `ospos_items` (
  `item_id` int(10) NOT NULL AUTO_INCREMENT,
  `name` varchar(255) NOT NULL,
  `category` varchar(255) NOT NULL,
  `supplier_id` int(11) DEFAULT NULL,
  `item_number` varchar(255) DEFAULT NULL,
  `description` varchar(255) NOT NULL,
  `cost_price` double(15,2) NOT NULL,
  `unit_price` double(15,2) NOT NULL,
  `quantity` double(15,2) NOT NULL DEFAULT '0.00',
  `reorder_level` double(15,2) NOT NULL DEFAULT '0.00',
  `location` varchar(255) NOT NULL,
  `allow_alt_description` tinyint(1) NOT NULL,
  `is_serialized` tinyint(1) NOT NULL,
  `is_service` tinyint(1) NOT NULL,
  `is_locked` tinyint(1) NOT NULL,
  `deleted` tinyint(1) NOT NULL DEFAULT '0',
  `broken_quantity` int(15) unsigned NOT NULL DEFAULT '0',
  PRIMARY KEY (`item_id`),
  UNIQUE KEY `item_number` (`item_number`),
  KEY `ospos_items_ibfk_1` (`supplier_id`)
) ENGINE=MyISAM  DEFAULT CHARSET=latin1 AUTO_INCREMENT=118 ;

--
-- Volcado de datos para la tabla `ospos_items`
--

INSERT INTO `ospos_items` (`item_id`, `name`, `category`, `supplier_id`, `item_number`, `description`, `cost_price`, `unit_price`, `quantity`, `reorder_level`, `location`, `allow_alt_description`, `is_serialized`, `is_service`, `is_locked`, `deleted`, `broken_quantity`) VALUES
(-1, 'Gift Card', 'Service', NULL, NULL, '', 0.00, 0.00, 0.00, 0.00, '0', 0, 0, 1, 1, 0, 0),
(1, 'Unlock Service', 'Repair', NULL, NULL, '', 0.00, 0.00, 0.00, 0.00, '0', 0, 0, 1, 1, 0, 0),
(2, 'Service 2', 'Service', NULL, NULL, '', 0.00, 0.00, 0.00, 0.00, '0', 0, 0, 1, 1, 0, 0),
(3, 'Repair Service', 'Repair', NULL, NULL, '', 30.00, 30.00, 999.00, 0.00, '0', 0, 0, 1, 1, 0, 0),
(4, 'Service 4', 'Service', NULL, NULL, '', 0.00, 0.00, 0.00, 0.00, '0', 0, 0, 1, 1, 0, 0),
(5, 'Service 5', 'Service', NULL, NULL, '', 0.00, 0.00, 0.00, 0.00, '0', 0, 0, 1, 1, 0, 0),
(6, 'LifeProof Case', 'Accessories', NULL, NULL, '', 0.00, 85.00, 11.00, 5.00, '', 0, 0, 0, 0, 0, 0),
(7, 'Ipad Protect Case', 'Accessories', NULL, NULL, '', 0.00, 49.99, 5.00, 2.00, '', 0, 0, 0, 0, 0, 0),
(8, 'Iphone 3gs Back', 'Accessories', NULL, NULL, '', 0.00, 75.00, 111.00, 0.00, '', 0, 0, 0, 0, 0, 0),
(9, '3G Digitizer', 'iPhone', NULL, '01020304', '', 0.00, 45.00, 32.00, 2.00, '', 0, 0, 0, 0, 0, 0),
(10, 'Ipad 2 Screen Black', 'Ipad', NULL, NULL, '', 0.00, 125.00, 33.00, 1.00, '', 0, 0, 0, 0, 0, 0),
(11, 'Ipad 2 Screen White ', 'Ipad', NULL, NULL, '', 0.00, 125.00, 121.00, 1.00, '', 0, 0, 0, 0, 0, 0),
(12, 'Ipad 3 Screen White', 'Ipad', NULL, NULL, '', 0.00, 200.00, 34.00, 0.00, '', 0, 0, 0, 0, 0, 0),
(13, 'tiger blood', 'Ipad', NULL, NULL, '', 0.00, 200.00, 9.00, 0.00, '', 0, 0, 0, 0, 0, 0),
(14, '4 GSM Back White', 'iPhone', NULL, NULL, '', 0.00, 30.00, 10.00, 2.00, '', 0, 0, 0, 0, 0, 0),
(15, '4 GSM Back Black', 'iPhone', NULL, NULL, '', 0.00, 30.00, 10.00, 2.00, '', 0, 0, 0, 0, 0, 0),
(16, '4S Back white', 'iPhone', NULL, NULL, '', 0.00, 30.00, 2.00, 2.00, '', 0, 0, 0, 0, 0, 0),
(17, '4S Back Black', 'iPhone', NULL, NULL, '', 0.00, 30.00, 9.00, 2.00, '', 0, 0, 0, 0, 0, 0),
(18, '4 GSM Black Screen', 'iPhone', NULL, NULL, '', 0.00, 79.95, 10.00, 3.00, '', 0, 0, 0, 0, 0, 0),
(19, '4 GSM White Screen', 'iPhone', NULL, NULL, '', 0.00, 79.95, 10.00, 3.00, '', 0, 0, 0, 0, 0, 0),
(20, '4 CDMA White screen', 'iPhone', NULL, NULL, '', 0.00, 79.95, 143.00, 2.00, '', 0, 0, 0, 0, 0, 0),
(21, '4 CDMA Black Screen', 'iPhone', NULL, NULL, '', 0.00, 79.95, 104.00, 2.00, '', 0, 0, 0, 0, 0, 0),
(22, '4S White Screen', 'iPhone', NULL, NULL, '', 0.00, 89.95, 7.00, 3.00, '', 0, 0, 0, 0, 0, 0),
(23, '4S Black screen', 'iPhone', NULL, NULL, '', 0.00, 89.95, 9.00, 3.00, '', 0, 0, 0, 0, 0, 0),
(24, '3gs LCD', 'iPhone', NULL, NULL, '', 0.00, 65.00, 213.00, 1.00, '', 0, 0, 0, 0, 0, 0),
(25, '4s color set Pink', 'iPhone', NULL, NULL, '', 0.00, 120.00, 432.00, 1.00, '', 0, 0, 0, 0, 0, 0),
(26, '4 GSM color set pink', 'iPhone', NULL, NULL, '', 0.00, 110.00, 654.00, 1.00, '', 0, 0, 0, 0, 0, 0),
(27, '4s color set Red', 'iPhone', NULL, NULL, '', 0.00, 120.00, 54.00, 0.00, '', 0, 0, 0, 0, 0, 0),
(28, '4 GSM color set red', 'iPhone', NULL, NULL, '', 0.00, 110.00, 55.00, 0.00, '', 0, 0, 0, 0, 0, 0),
(29, '4 gsm color front', 'iPhone', NULL, NULL, '', 0.00, 89.95, 65.00, 1.00, '', 0, 0, 0, 0, 0, 0),
(30, '4 gsm color back', 'iPhone', NULL, NULL, '', 0.00, 35.00, 4.00, 1.00, '', 0, 0, 0, 0, 0, 0),
(31, '4s color front screen', 'iPhone', NULL, NULL, '', 0.00, 95.00, 7.00, 2.00, '', 0, 0, 0, 0, 0, 0),
(32, '4s color back', 'iPhone', NULL, NULL, '', 0.00, 35.00, 6.00, 2.00, '', 0, 0, 0, 0, 0, 0),
(33, '4 CDMA color front screen', 'iPhone', NULL, '123456', '', 0.00, 89.95, 300.00, 0.00, '', 0, 0, 0, 0, 0, 0),
(34, '4 CDMA color backs', 'iPhone', NULL, NULL, '', 0.00, 35.00, 647.00, 0.00, '', 0, 0, 0, 0, 0, 0),
(35, '4 CDMA color backs', 'iPhone', NULL, NULL, '', 0.00, 35.00, 123.00, 0.00, '', 0, 0, 0, 0, 0, 0),
(36, 'Iphone 3G Digitizer', 'Digitizers', NULL, NULL, '', 13.00, 30.00, 151.00, 20.00, '', 0, 0, 0, 0, 0, 2),
(37, '4 GSM Black Front', 'iPhone', NULL, NULL, '', 0.00, 75.00, 7.00, 2.00, '', 0, 0, 0, 0, 0, 0),
(38, '4 GSM White Front', 'iPhone', NULL, NULL, '', 0.00, 75.00, 10.00, 2.00, '', 0, 0, 0, 0, 0, 0),
(39, '4 CDMA White Front', 'iPhone', NULL, NULL, '', 0.00, 75.00, 78.00, 2.00, '', 0, 0, 0, 0, 0, 0),
(40, '4 CDMA Black Front', 'iPhone', NULL, NULL, '', 0.00, 75.00, 2.00, 2.00, '', 0, 0, 0, 0, 0, 0),
(41, '4S Black Front', 'iPhone', NULL, NULL, '', 0.00, 75.00, 8.00, 2.00, '', 0, 0, 0, 0, 0, 0),
(42, '4S White Front', 'iPhone', NULL, NULL, '', 0.00, 75.00, 3.00, 2.00, '', 0, 0, 0, 0, 0, 0),
(43, '4 GSM White Back', 'iPhone', NULL, NULL, '', 0.00, 45.00, 8.00, 2.00, '', 0, 0, 0, 0, 0, 0),
(44, '3GS LCD', 'iPhone', NULL, NULL, '', 0.00, 45.00, 1.00, 0.00, '', 0, 0, 0, 0, 0, 0),
(45, '3G Digitizer', 'iPhone', NULL, '010203', '', 0.00, 45.00, 742.00, 2.00, '', 0, 1, 0, 0, 0, 4),
(46, 'Iphone 3G LCD', 'iPhone', NULL, NULL, '', 0.00, 25.00, 26.00, 2.00, '', 0, 0, 0, 0, 0, 0),
(47, '4S Black Back', 'iPhone', NULL, NULL, '', 0.00, 25.00, 7.00, 2.00, '', 0, 0, 0, 0, 0, 0),
(48, '4S White Back', 'iPhone', NULL, NULL, '', 0.00, 25.00, 324.00, 2.00, '', 0, 0, 0, 0, 0, 0),
(49, '4 GSM Black Back', 'iPhone', NULL, NULL, '', 0.00, 25.00, 9.00, 2.00, '', 0, 0, 0, 0, 0, 0),
(50, '3GS Back Assembly', 'iPhone', NULL, NULL, '', 0.00, 75.00, 11.00, 0.00, '', 0, 0, 0, 0, 0, 0),
(51, '4 Home Flex', 'iPhone', NULL, NULL, '', 0.00, 45.00, 5.00, 2.00, '', 0, 0, 0, 0, 0, 0),
(52, '4 GSM Vibrator', 'iPhone', NULL, NULL, '', 0.00, 25.00, 435.00, 1.00, '', 0, 0, 0, 0, 0, 0),
(53, '4 GSM Audio Jack', 'iPhone', NULL, NULL, '', 0.00, 50.00, 59.00, 1.00, '', 0, 0, 0, 0, 0, 0),
(54, '4S Power Flex', 'iPhone', NULL, NULL, '', 0.00, 50.00, 5.00, 2.00, '', 0, 0, 0, 0, 0, 0),
(55, '3GS Digitizer', 'ipad', NULL, NULL, '', 0.00, 100.00, -4.00, 0.00, '', 0, 0, 0, 0, 0, 0),
(56, '4 Back Camera', 'iPhone', NULL, NULL, '', 0.00, 35.00, 2.00, 1.00, '', 1, 0, 0, 0, 0, 0),
(57, '4 GSM Front Camera', 'iPhone', NULL, NULL, '', 0.00, 40.00, 67.00, 1.00, '', 0, 0, 0, 0, 0, 0),
(58, '3GS Dock', 'iPhone', NULL, NULL, '', 0.00, 50.00, 4.00, 1.00, '', 0, 0, 0, 0, 0, 0),
(59, '4 CDMA Power Flex', 'iPhone', NULL, NULL, '', 0.00, 50.00, 6.00, 2.00, '', 0, 0, 0, 0, 0, 0),
(60, '4S Home Flex', 'iPhone', NULL, NULL, '', 0.00, 45.00, 5.00, 2.00, '', 0, 0, 0, 0, 0, 0),
(61, '3GS Home Flex', 'iPhone', NULL, NULL, '', 0.00, 25.00, 87.00, 2.00, '', 0, 0, 0, 0, 0, 0),
(62, 'CDMA Audio Jack', 'iPhone', NULL, NULL, '', 0.00, 50.00, 5.00, 2.00, '', 0, 0, 0, 0, 0, 0),
(63, 'Pantalla bold 13', 'ipad', NULL, NULL, '', 0.00, 100.00, -2.00, 0.00, '', 0, 0, 0, 0, 0, 0),
(64, '4 GSM Power Flex', 'iPhone', NULL, NULL, '', 0.00, 50.00, 3.00, 1.00, '', 0, 0, 0, 0, 0, 0),
(65, '3GS Battery', 'iPhone', NULL, NULL, '', 0.00, 40.00, -3.00, 1.00, '', 0, 0, 0, 0, 0, 0),
(66, '4G Battery', 'iPhone', NULL, NULL, '', 0.00, 40.00, 9.00, 2.00, '', 0, 0, 0, 0, 0, 0),
(67, '4S Battery', 'iPhone', NULL, NULL, '', 0.00, 35.00, 4.00, 1.00, '', 0, 0, 0, 0, 0, 0),
(68, '4 CDMA / 4S Vibrator', 'iPhone', NULL, NULL, '', 0.00, 35.00, -2.00, 0.00, '', 0, 0, 0, 0, 0, 0),
(69, '3G Dock', 'iPhone', 51, NULL, '', 0.00, 36.00, 100.00, 20.00, '0', 0, 0, 0, 0, 0, 2),
(70, '4 GSM Boom Box', 'iPhone', NULL, NULL, '', 0.00, 45.00, 98.00, 0.00, '', 0, 0, 0, 0, 0, 0),
(71, 'CDMA / 4S Boom Box', 'iPhone', NULL, NULL, '', 0.00, 45.00, 32.00, 1.00, '', 0, 0, 0, 0, 0, 0),
(72, '4S Audio Jack', 'iPhone', NULL, NULL, '', 0.00, 50.00, 61.00, 0.00, '', 0, 0, 0, 0, 0, 0),
(73, '4 GSM Charging Dock', 'iPhone', NULL, NULL, '', 0.00, 45.00, 6.00, 2.00, '', 0, 0, 0, 0, 0, 0),
(74, 'CDMA Dock Assembly', 'iPhone', NULL, NULL, '', 0.00, 45.00, 4.00, 2.00, '', 0, 0, 0, 0, 0, 0),
(75, '4S Charging Dock', 'iPhone', NULL, NULL, '', 0.00, 45.00, 4.00, 2.00, '', 0, 0, 0, 0, 0, 0),
(76, 'Life Proof Case', 'Accessories', NULL, NULL, '', 59.00, 89.99, 6.00, 5.00, '', 0, 0, 0, 0, 0, 0),
(77, 'iPad Case', 'Accessories', NULL, NULL, '', 0.00, 49.99, 4.00, 2.00, '', 0, 0, 0, 0, 0, 0),
(78, 'OtterBox Case', 'Accessories', NULL, NULL, '', 0.00, 49.99, 5.00, 2.00, '', 0, 0, 0, 0, 0, 0),
(79, 'Screen Protector', 'Accessories', NULL, NULL, '', 0.00, 10.00, 33.00, 20.00, '', 0, 0, 0, 0, 0, 0),
(80, '4S Color Front', 'iPhone', NULL, NULL, '', 0.00, 85.00, 3.00, 2.00, '', 0, 0, 0, 0, 0, 0),
(81, '4S Color Back', 'iPhone', NULL, NULL, '', 0.00, 25.00, 5.00, 2.00, '', 0, 0, 0, 0, 0, 0),
(82, 'Ipad 3 Screen Black', 'iPhone', NULL, NULL, '', 0.00, 75.00, 19.00, 2.00, '', 0, 0, 0, 0, 0, 0),
(83, '4 GSM Color Back', 'iPhone', NULL, NULL, '', 0.00, 25.00, 4.00, 2.00, '', 0, 0, 0, 0, 0, 0),
(84, '4 CDMA Color Front', 'iPhone', NULL, NULL, '', 0.00, 75.00, 3.00, 2.00, '', 0, 0, 0, 0, 0, 0),
(85, '4 CDMA Color Back', 'iPhone', NULL, NULL, '', 0.00, 25.00, 2.00, 2.00, '', 0, 0, 0, 0, 0, 0),
(86, 'itouch 4 Black Front', 'ipod', NULL, NULL, '', 0.00, 85.00, 9.00, 2.00, '', 0, 0, 0, 0, 0, 0),
(87, 'itouch 4 White Front', 'ipod', NULL, NULL, '', 0.00, 85.00, 1.00, 2.00, '', 0, 0, 0, 0, 0, 0),
(88, 'Ipod 5', 'LCDs', NULL, NULL, '', 20.00, 35.00, 14.00, 10.00, '', 0, 0, 0, 0, 0, 1),
(89, 'Screen Protector', 'Accessories', NULL, NULL, '', 0.00, 10.00, 37.00, 10.00, '', 0, 0, 0, 0, 0, 0),
(90, 'Data Cable', 'Accessories', NULL, NULL, '', 0.00, 10.00, 43.00, 0.00, '', 0, 0, 0, 0, 0, 0),
(91, 'HTC EVO Assembly', 'HTC', NULL, NULL, '', 0.00, 105.00, 3.00, 1.00, '', 0, 0, 0, 0, 0, 0),
(92, 'Mytouch 4G Front Assembly', 'HTC', NULL, NULL, '', 0.00, 100.00, 3.00, 1.00, '', 0, 0, 0, 0, 0, 0),
(93, 'Mytouch 3G Slide', 'Phone', NULL, NULL, '', 15.00, 0.00, 1.00, 0.00, '', 0, 0, 0, 0, 0, 0),
(94, 'Battery Back Case', 'Accessories', NULL, NULL, '', 0.00, 0.00, 81.00, 1.00, '', 0, 0, 0, 0, 0, 0),
(95, 'Phone Case', 'Accessories', NULL, NULL, '', 0.00, 25.00, 13.00, 5.00, '', 0, 0, 0, 0, 0, 0),
(96, '3GS Digitizer', 'iPhone', 51, NULL, '', 0.00, 50.00, 1.00, 3.00, '0', 0, 0, 0, 0, 0, 0),
(97, '4 GSM Color Front', 'smoke', NULL, 'UEN', '', 30.00, 10.00, 6.00, 5.00, 'where', 1, 1, 0, 0, 0, 0),
(98, 'Pantalla bold 1', 'Blackberry', NULL, NULL, '', 1200.00, 369.00, 12.00, 10.00, '', 0, 0, 0, 0, 0, 0),
(99, 'Pantalla bold 2', 'Blackberry', NULL, NULL, '', 1200.00, 400.00, 208.00, 10.00, '', 0, 0, 0, 0, 0, 0),
(100, 'Pantalla bold 4', 'Blackberry', NULL, NULL, '', 1200.00, 256.00, 86.00, 10.00, '', 0, 0, 0, 0, 0, 0),
(101, 'Pantalla bold 5', 'Blackberry', NULL, NULL, '', 1200.00, 125.00, 123.00, 10.00, '', 0, 0, 0, 0, 0, 0),
(102, 'Pantalla bold 6', 'Blackberry', NULL, NULL, '', 1200.00, 80.00, 41.00, 10.00, '', 0, 0, 0, 0, 0, 0),
(103, 'Pantalla bold 7', 'Blackberry', NULL, NULL, '', 1200.00, 66.00, 586.00, 10.00, '', 0, 0, 0, 0, 0, 0),
(104, 'Pantalla bold 8', 'Blackberry', NULL, NULL, '', 1200.00, 593.00, 155.00, 10.00, '', 0, 0, 0, 0, 0, 0),
(105, 'Pantalla bold 9', 'Blackberry', NULL, NULL, '', 1200.00, 200.00, 50.00, 10.00, '', 0, 0, 0, 0, 0, 0),
(106, 'Pantalla bold 10', 'Blackberry', NULL, NULL, '', 1200.00, 224.00, 15.00, 10.00, '', 0, 0, 0, 0, 0, 0),
(107, 'Pantalla bold 11', 'Blackberry', NULL, NULL, '', 1200.00, 37.00, 36.00, 10.00, '', 0, 0, 0, 0, 0, 0),
(108, 'Pantalla bold 12', 'Blackberry', NULL, NULL, '', 1200.00, 69.50, 31.00, 10.00, '', 0, 0, 0, 0, 0, 0),
(109, 'Pantalla bold 13', 'Blackberry', NULL, NULL, '', 1200.00, 200.00, 22.00, 10.00, '', 0, 0, 0, 0, 0, 0),
(110, 'Pantalla bold 14', 'Blackberry', NULL, NULL, '', 1200.00, 200.00, 22.00, 10.00, '', 0, 0, 0, 0, 0, 0),
(111, 'Pantalla bold 15', 'Blackberry', NULL, NULL, '', 1200.00, 156.00, 30.00, 10.00, '', 0, 0, 0, 0, 0, 0),
(112, 'Pantalla bold 16', 'Blackberry', NULL, NULL, '', 1200.00, 187.00, 35.00, 10.00, '', 0, 0, 0, 0, 0, 0),
(113, 'harh disk', 'Blackberry', NULL, NULL, '', 1200.00, 80.90, 8.00, 10.00, '', 0, 0, 0, 0, 0, 0),
(114, 'iPad 2 Power Flex', 'ipod', 44, NULL, '', 123.00, 12.00, 20.00, 10.00, '', 0, 0, 0, 0, 0, 0),
(115, 'iPad 2 Home Button', 'hardware', 44, NULL, '', 9856.00, 98569.00, 51.00, 50.00, '', 1, 1, 0, 0, 0, 0),
(116, 'mihaItem', 'Phone', 51, 'miha', '', 12.00, 25.99, 10.00, 5.00, '', 1, 1, 0, 0, 0, 0),
(117, 'miha2Item', 'Phone', 49, 'miha2', '', 23.00, 29.00, 30.00, 5.00, '', 0, 0, 0, 0, 0, 0);

-- --------------------------------------------------------

--
-- Estructura de tabla para la tabla `ospos_items_taxes`
--

DROP TABLE IF EXISTS `ospos_items_taxes`;
CREATE TABLE IF NOT EXISTS `ospos_items_taxes` (
  `item_id` int(10) NOT NULL,
  `name` varchar(255) NOT NULL,
  `percent` double(15,3) NOT NULL,
  PRIMARY KEY (`item_id`,`name`,`percent`)
) ENGINE=MyISAM DEFAULT CHARSET=latin1;

--
-- Volcado de datos para la tabla `ospos_items_taxes`
--

INSERT INTO `ospos_items_taxes` (`item_id`, `name`, `percent`) VALUES
(1, 'Local Sales Tax', 8.375),
(2, 'Local Sales Tax', 8.375),
(3, 'Local Sales Tax', 8.375),
(4, 'Sales Tax', 7.000),
(5, 'Sales Tax', 7.000),
(6, 'Sales Tax', 7.000),
(7, 'Sales Tax', 7.000),
(8, 'Sales Tax', 7.000),
(9, 'Sales Tax', 7.000),
(10, 'Sales Tax', 7.000),
(11, 'Sales Tax', 7.000),
(12, 'Sales Tax', 7.000),
(13, 'Sales Tax', 7.000),
(14, 'Sales Tax', 7.000),
(15, 'Sales Tax', 7.000),
(16, 'Sales Tax', 7.000),
(17, 'Sales Tax', 7.000),
(18, 'Sales Tax', 7.000),
(19, 'Sales Tax', 7.000),
(20, 'Sales Tax', 7.000),
(21, 'Sales Tax', 7.000),
(22, 'Sales Tax', 7.000),
(23, 'Sales Tax', 7.000),
(24, 'Sales Tax', 7.000),
(25, 'Sales Tax', 7.000),
(26, 'Sales Tax', 7.000),
(27, 'Sales Tax', 7.000),
(28, 'Sales Tax', 7.000),
(29, 'Sales Tax', 7.000),
(30, 'Sales Tax', 7.000),
(31, 'Sales Tax', 7.000),
(32, 'Sales Tax', 7.000),
(33, 'Sales Tax', 7.000),
(34, 'Sales Tax', 7.000),
(35, 'Sales Tax', 7.000),
(36, 'Sales Tax', 7.000),
(37, 'Sales Tax', 7.000),
(38, 'Sales Tax', 7.000),
(39, 'Sales Tax', 7.000),
(40, 'Sales Tax', 7.000),
(41, 'Sales Tax', 7.000),
(42, 'Sales Tax', 7.000),
(43, 'Sales Tax', 7.000),
(44, 'Sales Tax', 7.000),
(45, 'Sales Tax', 7.000),
(46, 'Sales Tax', 7.000),
(47, 'Sales Tax', 7.000),
(48, 'Sales Tax', 7.000),
(49, 'Sales Tax', 7.000),
(50, 'Sales Tax', 7.000),
(51, 'Sales Tax', 7.000),
(52, 'Sales Tax', 7.000),
(53, 'Sales Tax', 7.000),
(54, 'Sales Tax', 7.000),
(55, 'Sales Tax', 7.000),
(56, 'Sales Tax', 7.000),
(57, 'Sales Tax', 7.000),
(58, 'Sales Tax', 7.000),
(59, 'Sales Tax', 7.000),
(60, 'Sales Tax', 7.000),
(61, 'Sales Tax', 7.000),
(62, 'Sales Tax', 7.000),
(63, 'Sales Tax', 7.000),
(64, 'Sales Tax', 7.000),
(65, 'Sales Tax', 7.000),
(66, 'Sales Tax', 7.000),
(67, 'Sales Tax', 7.000),
(68, 'Sales Tax', 7.000),
(69, 'Sales Tax', 7.000),
(70, 'Sales Tax', 7.000),
(71, 'Sales Tax', 7.000),
(72, 'Sales Tax', 7.000),
(73, 'Sales Tax', 7.000),
(74, 'Sales Tax', 7.000),
(75, 'Sales Tax', 7.000),
(76, 'Sales Tax', 7.000),
(77, 'Sales Tax', 7.000),
(78, 'Sales Tax', 7.000),
(79, 'Sales Tax', 7.000),
(80, 'Sales Tax', 7.000),
(81, 'Sales Tax', 7.000),
(82, 'Sales Tax', 7.000),
(83, 'Sales Tax', 7.000),
(84, 'Sales Tax', 7.000),
(85, 'Sales Tax', 7.000),
(86, 'Sales Tax', 7.000),
(87, 'Sales Tax', 7.000),
(88, 'Sales Tax', 7.000),
(89, 'Sales Tax', 7.000),
(90, 'Sales Tax', 7.000),
(91, 'Sales Tax', 7.000),
(92, 'Sales Tax', 7.000),
(93, 'Sales Tax', 7.000),
(94, 'Sales Tax', 7.000),
(95, 'Sales Tax', 7.000),
(96, 'Sales Tax', 7.000),
(97, 'Sales Tax', 8.365),
(98, 'Sales Tax', 8.365),
(99, 'Sales Tax', 8.365),
(100, 'Sales Tax', 8.365),
(101, 'Sales Tax', 8.365),
(102, 'Sales Tax', 8.365),
(103, 'Sales Tax', 8.365),
(104, 'Sales Tax', 8.365),
(105, 'Sales Tax', 8.365),
(106, 'Sales Tax', 8.365),
(107, 'Sales Tax', 8.365),
(108, 'Sales Tax', 8.365),
(109, 'Sales Tax', 8.365),
(110, 'Sales Tax', 8.365),
(111, 'Sales Tax', 8.365),
(112, 'Sales Tax', 8.365),
(113, 'Sales Tax', 8.365),
(114, 'Sales Tax', 8.365),
(115, 'Sales Tax', 8.365),
(116, 'Sales Tax', 8.365),
(117, 'Sales Tax', 8.365),
(118, 'Sales Tax', 8.365),
(119, 'Sales Tax', 8.365),
(120, 'Sales Tax', 8.365),
(121, 'Sales Tax', 8.365),
(122, 'Sales Tax', 8.365),
(123, 'Sales Tax', 8.365),
(124, 'Sales Tax', 8.365),
(125, 'Sales Tax', 8.365),
(126, 'Sales Tax', 8.365),
(127, 'Sales Tax', 8.365),
(128, 'Sales Tax', 8.365),
(129, 'Sales Tax', 8.365),
(130, 'Sales Tax', 8.365),
(131, 'Sales Tax', 8.365),
(132, 'Sales Tax', 8.365),
(133, 'azucar', 9.652),
(133, 'Sales Tax', 8.365),
(134, 'Sales Tax', 8.365),
(135, 'Sales Tax', 8.365);

-- --------------------------------------------------------

--
-- Estructura de tabla para la tabla `ospos_item_kits`
--

DROP TABLE IF EXISTS `ospos_item_kits`;
CREATE TABLE IF NOT EXISTS `ospos_item_kits` (
  `item_kit_id` int(11) NOT NULL AUTO_INCREMENT,
  `name` varchar(255) NOT NULL,
  `description` varchar(255) NOT NULL,
  PRIMARY KEY (`item_kit_id`)
) ENGINE=MyISAM  DEFAULT CHARSET=latin1 AUTO_INCREMENT=5 ;

--
-- Volcado de datos para la tabla `ospos_item_kits`
--

INSERT INTO `ospos_item_kits` (`item_kit_id`, `name`, `description`) VALUES
(1, 'Primer kit', 'Hola'),
(2, 'ipad 2 64Gb', 'yeah'),
(3, 'Gustavo Ocanto', 'probando'),
(4, 'kit mal hecho', 'prueba');

-- --------------------------------------------------------

--
-- Estructura de tabla para la tabla `ospos_item_kit_items`
--

DROP TABLE IF EXISTS `ospos_item_kit_items`;
CREATE TABLE IF NOT EXISTS `ospos_item_kit_items` (
  `item_kit_id` int(11) NOT NULL,
  `item_id` int(11) NOT NULL,
  `quantity` double(15,2) NOT NULL,
  PRIMARY KEY (`item_kit_id`,`item_id`,`quantity`)
) ENGINE=MyISAM DEFAULT CHARSET=latin1;

--
-- Volcado de datos para la tabla `ospos_item_kit_items`
--

INSERT INTO `ospos_item_kit_items` (`item_kit_id`, `item_id`, `quantity`) VALUES
(1, 21, 3.00),
(1, 110, 1.00),
(2, 68, 100.00),
(3, 9, 2.00),
(3, 45, 50.00),
(3, 50, 1.00),
(4, 9, 1.00),
(4, 50, 1.00),
(4, 69, 1.00),
(4, 109, 1.00);

-- --------------------------------------------------------

--
-- Estructura de tabla para la tabla `ospos_model`
--

DROP TABLE IF EXISTS `ospos_model`;
CREATE TABLE IF NOT EXISTS `ospos_model` (
  `model_id` int(11) NOT NULL AUTO_INCREMENT,
  `model_name` varchar(50) NOT NULL,
  `brand_id` int(11) NOT NULL,
  PRIMARY KEY (`model_id`),
  KEY `modelphone_brand` (`brand_id`)
) ENGINE=InnoDB  DEFAULT CHARSET=latin1 AUTO_INCREMENT=2 ;

--
-- Volcado de datos para la tabla `ospos_model`
--

INSERT INTO `ospos_model` (`model_id`, `model_name`, `brand_id`)
VALUES
  (1, 'iPhone 5s', 1),
  (2, 'Galaxy s5', 2),
  (4, 'iPad', 1),
  (5, 'iPhone 3', 1),
  (6, 'iPhone 3g', 1),
  (7, 'iPhone 4', 1),
  (8, 'iPhone 4s', 1),
  (9, 'iPhone 5', 1),
  (10, 'iPad 2', 1),
  (11, 'iPad 3', 1),
  (12, 'iPad mini', 1),
  (13, 'iPad 4', 1),
  (14, 'iPad Air', 1),
  (15, 'Galaxy s2', 2),
  (16, 'Galaxy s3', 2),
  (18, 'Galaxy s3 mini', 2),
  (19, 'Galaxy s4', 2);


-- --------------------------------------------------------

--
-- Estructura de tabla para la tabla `ospos_modules`
--

DROP TABLE IF EXISTS `ospos_modules`;
CREATE TABLE `ospos_modules` (
  `module_id` varchar(255) NOT NULL,
  `name_lang_key` varchar(255) NOT NULL,
  `desc_lang_key` varchar(255) NOT NULL,
  `shortcut` varchar(255) NOT NULL,
  `sort` int(10) NOT NULL,
  `options` varchar(100) DEFAULT 'none',
  PRIMARY KEY (`module_id`),
  UNIQUE KEY `desc_lang_key` (`desc_lang_key`),
  UNIQUE KEY `name_lang_key` (`name_lang_key`)
) ENGINE=MyISAM DEFAULT CHARSET=latin1;
--
-- Volcado de datos para la tabla `ospos_modules`
--
INSERT INTO `ospos_modules` (`module_id`, `name_lang_key`, `desc_lang_key`, `shortcut`, `sort`, `options`)
VALUES
  ('config', 'module_config', 'module_config_desc', '', 100, 'save'),
  ('customers', 'module_customers', 'module_customers_desc', '', 10, 'add,update,delete'),
  ('employees', 'module_employees', 'module_employees_desc', '', 80, 'add,update,delete'),
  ('giftcards', 'module_giftcards', 'module_giftcards_desc', '', 90, 'add,update,delete'),
  ('items', 'module_items', 'module_items_desc', '', 20, 'add,update,delete'),
  ('item_kits', 'module_item_kits', 'module_item_kits_desc', '', 30, 'add,update,delete'),
  ('reports', 'module_reports', 'module_reports_desc', '', 50, 'none'),
  ('sales', 'module_sales', 'module_sales_desc', '', 70, 'none'),
  ('suppliers', 'module_suppliers', 'module_suppliers_desc', '', 40, 'add,update,delete'),
  ('locations', 'module_locations', 'module_locations_desc', '', 95, 'add,update,disable'),
  ('services', 'module_services', 'module_services_desc', '/view/-1?height=465&width=660', 1, 'add,update,delete'),
  ('stock_control', 'module_stock_control', 'module_stock_control_desc', 60, 'Receivings,Shipping,Orders');


-- --------------------------------------------------------

--
-- Estructura de tabla para la tabla `ospos_observation_inventories`
--

DROP TABLE IF EXISTS `ospos_observation_inventories`;
CREATE TABLE IF NOT EXISTS `ospos_observation_inventories` (
  `id` int(11) NOT NULL AUTO_INCREMENT,
  `date_register` timestamp NULL DEFAULT NULL,
  `observation` mediumtext,
  `person_id` int(10) DEFAULT NULL,
  PRIMARY KEY (`id`)
) ENGINE=InnoDB  DEFAULT CHARSET=latin1 AUTO_INCREMENT=36 ;

--
-- Volcado de datos para la tabla `ospos_observation_inventories`
--

INSERT INTO `ospos_observation_inventories` (`id`, `date_register`, `observation`, `person_id`) VALUES
(1, '2014-04-21 20:39:08', '', 1),
(2, '2014-04-22 14:19:51', '', 1),
(3, '2014-04-23 15:03:13', '', 1),
(4, '2014-04-24 12:58:36', '', 1),
(5, '2014-04-25 12:50:26', '', 1),
(6, '2014-04-29 12:58:05', '', 1),
(7, '2014-04-30 13:15:54', '', 1),
(8, '2014-05-05 12:46:13', '', 1),
(9, '2014-05-06 12:59:15', '', 1),
(10, '2014-05-07 14:04:21', '', 1),
(11, '2014-05-08 12:40:36', '', 1),
(12, '2014-05-09 13:18:57', '', 1),
(13, '2014-05-12 13:14:54', '', 1),
(14, '2014-05-14 19:28:20', '', 54),
(15, '2014-05-15 12:55:36', '', 1),
(16, '2014-05-16 13:13:36', '', 1),
(17, '2014-05-21 13:30:37', '', 1),
(18, '2014-05-22 12:35:20', '', 1),
(19, '2014-05-23 14:23:49', '', 1),
(20, '2014-05-26 12:41:18', '', 1),
(21, '2014-05-27 13:08:07', '', 1),
(22, '2014-05-28 16:20:08', '', 1),
(23, '2014-05-29 13:40:57', '', 1),
(24, '2014-05-30 13:07:48', '', 1),
(25, '2014-06-04 17:44:08', '', 1),
(26, '2014-06-05 18:24:44', '', 1),
(27, '2014-06-06 15:22:07', '', 1),
(28, '2014-06-09 21:33:47', '', 1),
(29, '2014-06-10 14:04:13', '', 1),
(30, '2014-06-11 20:29:24', '', 1),
(31, '2014-06-12 12:52:22', '', 1),
(32, '2014-06-13 14:02:04', '', 1),
(33, '2014-06-14 15:02:02', '', 1),
(34, '2014-06-16 20:17:38', '', 54),
(35, '2014-06-17 14:07:36', '', 54);

-- --------------------------------------------------------

--
-- Estructura de tabla para la tabla `ospos_people`
--

DROP TABLE IF EXISTS `ospos_people`;
CREATE TABLE IF NOT EXISTS `ospos_people` (
  `person_id` int(10) NOT NULL AUTO_INCREMENT,
  `first_name` varchar(255) NOT NULL,
  `last_name` varchar(255) NOT NULL,
  `phone_number` varchar(255) DEFAULT NULL,
  `email` varchar(255) DEFAULT NULL,
  `address_1` varchar(255) DEFAULT NULL,
  `address_2` varchar(255) DEFAULT NULL,
  `city` varchar(255) DEFAULT NULL,
  `state` varchar(255) DEFAULT NULL,
  `zip` varchar(255) DEFAULT NULL,
  `country` varchar(255) DEFAULT NULL,
  `comments` text,
  PRIMARY KEY (`person_id`)
) ENGINE=MyISAM  DEFAULT CHARSET=latin1 AUTO_INCREMENT=58 ;

--
-- Volcado de datos para la tabla `ospos_people`
--

INSERT INTO `ospos_people` (`person_id`, `first_name`, `last_name`, `phone_number`, `email`, `address_1`, `address_2`, `city`, `state`, `zip`, `country`, `comments`) VALUES
(1, 'Admin', 'Root', '122525', 'info@om-parts.com', 'Address 1', '', '', '', '', '', ''),
(2, 'other', 'possp2', NULL, NULL, 'localhost', NULL, NULL, NULL, NULL, NULL, 'location'),
(3, 'Jv ', 'Soluciones', '', '', '', '', '', '', '', '', ''),
(4, 'speed', 'speed', '', '', '', '', '', '', '', '', ''),
(46, 'Gustavo', 'Ocanto', '', '', '', '', '', '', '', '', ''),
(47, 'jose', 'melendez', '0saasdd', 'albertomelendez@aol.con', 'caracas', 'valencia', '999999', '99999', '9999', '9999', '9999'),
(48, 'Miharbi', 'Hernandez', '', 'miharbihernandez@gmail.com', '', '', '', '', '', '', ''),
(49, 'Gustavo', 'Ocanto', '04144284230', 'gustavoocanto@gmail.com', 'Av Bolivar Norte torre exterior', '', 'Valencia', 'Carabobo', '2001', 'Venezuela', ''),
(50, 'Miharbi', 'Hernandez', '', '', '', '', '', '', '', '', ''),
(52, 'Gustavo', 'Ocanto', '4056017020', 'gustavoocanto@gmail.com', '2112 SW 74th St', '', 'Oklahoma City', 'Oklahoma', '73159', 'United States', ''),
(53, 'miharbito_db', 'miharbito_db', NULL, NULL, 'localhost', NULL, NULL, NULL, NULL, NULL, 'location'),
(43, 'alberto', 'arsiniaga', '0412-9667450', 'maxtri@hotmail.com', 'los samanes', 'buenaventura', 'valencia', 'carabobo', '3210', 'venezuela', ''),
(44, 'adrian', 'esqueda', '234567887', 'a@a.com', '', '', '', '', '', '', ''),
(54, 'Willem', 'Franco', '0245145548522', 'willemfranco@gmail.com', '', '', '', '', '', 'wfranco', ''),
(55, 'otra', 'possp2', NULL, NULL, 'localhost', NULL, NULL, NULL, NULL, NULL, 'location'),
(56, 'Carlos', 'Martinez', '5646464', 'repuestos.ca@hotmail.com', '', '', '', '', '', '', ''),
(57, 'otra & cosita C.A', 'possp_otra', NULL, NULL, 'localhost', NULL, NULL, NULL, NULL, NULL, 'location');

-- --------------------------------------------------------

--
-- Estructura de tabla para la tabla `ospos_permissions`
--

DROP TABLE IF EXISTS `ospos_permissions`;
CREATE TABLE IF NOT EXISTS `ospos_permissions` (
  `module_id` varchar(255) NOT NULL,
  `person_id` int(10) NOT NULL,
  `privileges` varchar(100) DEFAULT 'none',
  PRIMARY KEY (`module_id`,`person_id`)
) ENGINE=MyISAM DEFAULT CHARSET=latin1;

--
-- Volcado de datos para la tabla `ospos_permissions`
--

INSERT INTO `ospos_permissions` (`module_id`, `person_id`, `privileges`) VALUES
('locations', 1, 'add,update,disable'),
('employees', 1, 'add,update,delete'),
('stock_control', 1, 'Receivings,Shipping,Orders'),
('items', 4, 'none'),
('sales', 4, 'none'),
('giftcards', 42, 'add,update'),
('employees', 42, 'add,update'),
('sales', 42, 'none'),
('reports', 42, 'none'),
('giftcards', 1, 'add,update,delete'),
('sales', 1, 'none'),
('employees', 43, 'add,update,delete'),
('sales', 43, 'none'),
('reports', 43, 'none'),
('suppliers', 43, 'add,update,delete'),
('items', 43, 'add,update,delete'),
('item_kits', 43, 'add,update,delete'),
('customers', 43, 'add,update,delete'),
('reports', 54, 'none'),
('reports', 1, 'none'),
('suppliers', 1, 'add,update,delete'),
('item_kits', 1, 'add,update,delete'),
('giftcards', 43, 'add,update,delete'),
('config', 43, 'save'),
('suppliers', 54, 'add,update,delete'),
('item_kits', 54, 'add,update,delete'),
('items', 54, 'add,update,delete'),
('customers', 54, 'add,update,delete'),
('giftcards', 52, 'none'),
('employees', 52, 'none'),
('sales', 52, 'none'),
('reports', 52, 'none'),
('suppliers', 52, 'none'),
('item_kits', 52, 'none'),
('items', 52, 'none'),
('customers', 52, 'none'),
('config', 52, 'none'),
('sales', 45, 'none'),
('reports', 45, 'none'),
('services', 54, 'add,update,delete'),
('suppliers', 42, 'add,update'),
('item_kits', 42, 'add,update,delete'),
('items', 42, 'add,update,delete'),
('customers', 42, 'add,update'),
('items', 1, 'add,update,delete'),
('customers', 1, 'add,update,delete'),
('config', 1, 'save'),
('services', 1, 'add,update,delete'),
('sales', 54, 'none'),
('employees', 54, 'add,update,delete'),
('giftcards', 54, 'add,update,delete'),
('locations', 54, 'add,update,disable'),
('config', 54, 'save');

-- --------------------------------------------------------

--
-- Estructura de tabla para la tabla `ospos_receivings`
--

DROP TABLE IF EXISTS `ospos_receivings`;
CREATE TABLE IF NOT EXISTS `ospos_receivings` (
  `receiving_id` int(10) NOT NULL AUTO_INCREMENT,
  `receiving_time` timestamp NOT NULL DEFAULT CURRENT_TIMESTAMP,
  `supplier_id` int(10) DEFAULT NULL,
  `employee_id` int(10) NOT NULL DEFAULT '0',
  `comment` text NOT NULL,
  `payment_type` varchar(20) DEFAULT NULL,
  `payment` double(15,0) DEFAULT NULL,
  PRIMARY KEY (`receiving_id`),
  KEY `supplier_id` (`supplier_id`),
  KEY `employee_id` (`employee_id`)
) ENGINE=MyISAM  DEFAULT CHARSET=latin1 AUTO_INCREMENT=53 ;

--
-- Volcado de datos para la tabla `ospos_receivings`
--

INSERT INTO `ospos_receivings` (`receiving_id`, `receiving_time`, `supplier_id`, `employee_id`, `comment`, `payment_type`, `payment`) VALUES
(1, '2012-11-23 16:22:28', NULL, 6, '', 'Cash', 0),
(2, '2013-12-05 14:55:06', NULL, 1, 'All done', 'Cash', 0),
(3, '2013-12-05 15:00:07', NULL, 1, '', 'Cash', 0),
(4, '2013-12-05 15:05:50', NULL, 1, '', 'Cash', 0),
(5, '2013-12-06 14:52:46', NULL, 1, '', 'Cash', 0),
(6, '2013-12-13 18:52:18', NULL, 1, '', 'Cash', 0),
(7, '2014-01-13 15:10:59', NULL, 1, '', 'Cash', 0),
(8, '2014-01-13 15:21:20', NULL, 1, '', 'Cash', 0),
(9, '2014-01-13 15:48:24', NULL, 1, '', 'Cash', 0),
(10, '2014-01-15 19:33:41', NULL, 1, '', 'Cash', 0),
(11, '2014-01-15 19:36:26', NULL, 1, '', 'Cash', 0),
(12, '2014-01-15 19:37:16', NULL, 1, '', 'Cash', 0),
(13, '2014-01-17 18:52:50', NULL, 1, '', '0', 0),
(14, '2014-01-20 13:29:07', NULL, 1, '', '0', 0),
(15, '2014-01-20 13:32:03', NULL, 1, '', '0', 0),
(16, '2014-01-20 13:32:34', NULL, 1, '', '0', 0),
(17, '2014-01-20 13:34:58', NULL, 1, '', '0', 0),
(18, '2014-01-20 13:38:02', NULL, 1, '', '0', 0),
(19, '2014-01-20 13:42:48', NULL, 1, '', '0', 0),
(20, '2014-01-20 17:53:46', NULL, 1, 'prueba de gustavo', '0', 0),
(21, '2014-01-20 18:01:47', NULL, 1, '', '0', 0),
(22, '2014-01-20 18:49:44', NULL, 1, '', '0', 0),
(23, '2014-01-20 18:50:46', NULL, 1, '', '0', 0),
(24, '2014-01-20 19:07:49', NULL, 1, '', '0', 0),
(25, '2014-01-20 19:18:40', NULL, 1, '', '0', 0),
(26, '2014-01-20 19:19:53', NULL, 1, '', '0', 0),
(27, '2014-01-20 19:30:50', NULL, 1, '', '0', 0),
(28, '2014-01-20 19:31:37', NULL, 1, '', '0', 0),
(29, '2014-01-20 19:32:04', NULL, 1, '', '0', 0),
(30, '2014-01-20 19:33:07', NULL, 1, '', '0', 0),
(31, '2014-01-20 19:41:21', NULL, 1, '', '0', 0),
(32, '2014-01-20 20:27:13', NULL, 1, '', '0', 0),
(33, '2014-01-20 21:12:44', NULL, 1, '', '0', 0),
(34, '2014-01-20 21:18:49', NULL, 1, '', '0', 0),
(35, '2014-01-21 20:42:02', NULL, 1, '', '0', 0),
(36, '2014-01-21 20:52:22', NULL, 1, '', '0', 0),
(37, '2014-01-21 20:54:56', NULL, 1, '', '0', 0),
(38, '2014-01-21 20:58:36', NULL, 1, '', '0', 0),
(39, '2014-01-21 21:00:09', NULL, 1, '', '0', 0),
(40, '2014-01-22 20:54:56', NULL, 1, '', '0', 0),
(41, '2014-01-22 21:02:37', NULL, 1, '', '0', 0),
(42, '2014-01-22 21:15:47', NULL, 1, '', '0', 0),
(43, '2014-02-04 14:17:56', NULL, 1, '', '0', 0),
(44, '2014-03-05 20:42:20', NULL, 1, '', '0', 0),
(45, '2014-03-26 15:53:34', 51, 43, '', '0', 0),
(46, '2014-03-26 16:10:28', 51, 43, '', '0', 0),
(47, '2014-03-26 16:11:37', NULL, 45, '', '0', 0),
(48, '2014-03-26 16:22:17', NULL, 45, 'yeah', '0', 0),
(49, '2014-04-24 17:01:12', NULL, 1, '', '0', 0),
(50, '2014-05-29 14:04:09', 51, 1, '', 'Cash', 800),
(51, '2014-05-29 14:59:16', 56, 1, '', 'Efectivo', 400),
(52, '2014-05-29 15:27:54', 56, 1, '', 'Cheque', 50);

-- --------------------------------------------------------

--
-- Estructura de tabla para la tabla `ospos_receivings_items`
--

DROP TABLE IF EXISTS `ospos_receivings_items`;
CREATE TABLE IF NOT EXISTS `ospos_receivings_items` (
  `receiving_id` int(10) NOT NULL DEFAULT '0',
  `item_id` int(10) NOT NULL DEFAULT '0',
  `line` int(3) NOT NULL,
  `description` varchar(30) DEFAULT NULL,
  `serialnumber` varchar(30) DEFAULT NULL,
  `quantity_purchased` int(10) NOT NULL DEFAULT '0',
  `item_cost_price` decimal(15,2) NOT NULL,
  `item_unit_price` double(15,2) NOT NULL,
  `discount_percent` int(11) NOT NULL DEFAULT '0',
  PRIMARY KEY (`receiving_id`,`item_id`,`line`)
) ENGINE=MyISAM DEFAULT CHARSET=latin1;

--
-- Volcado de datos para la tabla `ospos_receivings_items`
--

INSERT INTO `ospos_receivings_items` (`receiving_id`, `item_id`, `line`, `description`, `serialnumber`, `quantity_purchased`, `item_cost_price`, `item_unit_price`, `discount_percent`) VALUES
(1, 93, 1, '', '', 1, '15.00', 15.00, 0),
(2, 98, 1, '', '', 1, '1200.00', 1200.00, 0),
(2, 71, 2, '', '', 1, '0.00', 0.00, 0),
(2, 8, 3, '', '', 1, '0.00', 0.00, 0),
(3, 107, 1, '', '', 1, '1200.00', 1200.00, 0),
(4, 107, 1, '', '', 1, '1200.00', 1200.00, 0),
(5, 98, 1, '', '0', 20, '1200.00', 1200.00, 0),
(6, 62, 1, '', '', 1, '0.00', 50.00, 0),
(6, 99, 2, '', '', 20, '1200.00', 800.00, 0),
(7, 20, 1, '', '', 17, '0.00', 79.95, 0),
(7, 71, 2, '', '', 4, '0.00', 45.00, 0),
(7, 99, 3, '', '', 22, '1200.00', 800.00, 0),
(7, 100, 4, '', '', 7, '1200.00', 800.00, 0),
(7, 101, 5, '', '', 12, '1200.00', 800.00, 0),
(7, 102, 6, '', '', 23, '1200.00', 800.00, 0),
(7, 103, 7, '', '', 78, '1200.00', 800.00, 0),
(8, 20, 1, '', '', 17, '0.00', 79.95, 0),
(8, 71, 2, '', '', 4, '0.00', 45.00, 0),
(8, 99, 3, '', '', 22, '1200.00', 800.00, 0),
(8, 100, 4, '', '', 7, '1200.00', 800.00, 0),
(8, 101, 5, '', '', 12, '1200.00', 800.00, 0),
(8, 102, 6, '', '', 23, '1200.00', 800.00, 0),
(8, 103, 7, '', '', 78, '1200.00', 800.00, 0),
(9, 111, 1, '', '', 1, '1200.00', 1200.00, 0),
(9, 112, 2, '', '', 1, '1200.00', 1200.00, 0),
(10, 104, 1, '', '', 2, '1200.00', 593.00, 0),
(10, 105, 2, '', '', 4, '1200.00', 200.00, 0),
(10, 106, 3, '', '', 6, '1200.00', 224.00, 0),
(11, 104, 1, '', '', 8, '1200.00', 593.00, 0),
(12, 104, 1, '', '', 8, '1200.00', 593.00, 0),
(13, 104, 1, '', '', 2, '1200.00', 593.00, 0),
(13, 105, 2, '', '', 4, '1200.00', 200.00, 0),
(13, 106, 3, '', '', 6, '1200.00', 224.00, 0),
(14, 104, 1, '', '', 8, '1200.00', 593.00, 0),
(15, 104, 1, '', '', 8, '1200.00', 593.00, 0),
(16, 104, 1, '', '', 2, '1200.00', 593.00, 0),
(16, 105, 2, '', '', 4, '1200.00', 200.00, 0),
(16, 106, 3, '', '', 6, '1200.00', 224.00, 0),
(17, 1, 1, '', '', 20, '13.00', 30.00, 0),
(17, 20, 2, '', '', 5, '0.00', 79.95, 0),
(17, 82, 3, '', '', 1, '0.00', 75.00, 0),
(18, 1, 1, '', '', 20, '13.00', 30.00, 0),
(18, 20, 2, '', '', 5, '0.00', 79.95, 0),
(18, 82, 3, '', '', 1, '0.00', 75.00, 0),
(19, 20, 1, '', '', 17, '0.00', 79.95, 0),
(19, 71, 2, '', '', 4, '0.00', 45.00, 0),
(19, 99, 3, '', '', 22, '1200.00', 400.00, 0),
(19, 100, 4, '', '', 7, '1200.00', 256.00, 0),
(19, 101, 5, '', '', 12, '1200.00', 125.00, 0),
(19, 102, 6, '', '', 23, '1200.00', 80.00, 0),
(19, 103, 7, '', '', 78, '1200.00', 66.00, 0),
(20, 104, 1, '', '', 8, '1200.00', 593.00, 0),
(21, 104, 1, '', '', 8, '1200.00', 593.00, 0),
(22, 104, 1, '', '', 8, '1200.00', 593.00, 0),
(23, 104, 1, '', '', 2, '1200.00', 593.00, 0),
(23, 105, 2, '', '', 4, '1200.00', 200.00, 0),
(23, 106, 3, '', '', 6, '1200.00', 224.00, 0),
(24, 104, 1, '', '', 8, '1200.00', 593.00, 0),
(25, 104, 1, '', '', 8, '1200.00', 593.00, 0),
(26, 104, 1, '', '', 8, '1200.00', 593.00, 0),
(27, 104, 1, '', '', 8, '1200.00', 593.00, 0),
(28, 108, 1, '', '', 1, '1200.00', 69.50, 0),
(29, 108, 1, '', '', 1, '1200.00', 69.50, 0),
(30, 20, 1, '', '', 17, '0.00', 79.95, 0),
(30, 71, 2, '', '', 4, '0.00', 45.00, 0),
(30, 99, 3, '', '', 22, '1200.00', 400.00, 0),
(30, 100, 4, '', '', 7, '1200.00', 256.00, 0),
(30, 101, 5, '', '', 12, '1200.00', 125.00, 0),
(30, 102, 6, '', '', 23, '1200.00', 80.00, 0),
(30, 103, 7, '', '', 78, '1200.00', 66.00, 0),
(31, 104, 1, '', '', 8, '1200.00', 593.00, 0),
(32, 20, 1, '', '', 17, '0.00', 79.95, 0),
(32, 71, 2, '', '', 4, '0.00', 45.00, 0),
(32, 99, 3, '', '', 22, '1200.00', 400.00, 0),
(32, 100, 4, '', '', 7, '1200.00', 256.00, 0),
(32, 101, 5, '', '', 12, '1200.00', 125.00, 0),
(32, 102, 6, '', '', 23, '1200.00', 80.00, 0),
(32, 103, 7, '', '', 78, '1200.00', 66.00, 0),
(33, 104, 1, '', '', 8, '1200.00', 593.00, 0),
(34, 104, 1, '', '', 8, '1200.00', 593.00, 0),
(35, 108, 1, '', '', 1, '1200.00', 69.50, 0),
(36, 108, 1, '', '', 1, '1200.00', 69.50, 0),
(37, 108, 1, '', '', 1, '1200.00', 69.50, 0),
(38, 1, 1, '', '', 20, '13.00', 30.00, 0),
(38, 20, 2, '', '', 5, '0.00', 79.95, 0),
(38, 82, 3, '', '', 1, '0.00', 75.00, 0),
(39, 1, 1, '', '', 20, '13.00', 30.00, 0),
(39, 20, 2, '', '', 5, '0.00', 79.95, 0),
(39, 82, 3, '', '', 1, '0.00', 75.00, 0),
(40, 108, 1, '', '', 1, '1200.00', 69.50, 0),
(41, 20, 1, '', '', 17, '0.00', 79.95, 0),
(41, 71, 2, '', '', 4, '0.00', 45.00, 0),
(41, 99, 3, '', '', 22, '1200.00', 400.00, 0),
(41, 100, 4, '', '', 7, '1200.00', 256.00, 0),
(41, 101, 5, '', '', 12, '1200.00', 125.00, 0),
(41, 102, 6, '', '', 23, '1200.00', 80.00, 0),
(41, 103, 7, '', '', 78, '1200.00', 66.00, 0),
(42, 20, 1, '', '', 17, '0.00', 79.95, 0),
(42, 71, 2, '', '', 4, '0.00', 45.00, 0),
(42, 99, 3, '', '', 22, '1200.00', 400.00, 0),
(42, 100, 4, '', '', 7, '1200.00', 256.00, 0),
(42, 101, 5, '', '', 12, '1200.00', 125.00, 0),
(42, 102, 6, '', '', 23, '1200.00', 80.00, 0),
(42, 103, 7, '', '', 78, '1200.00', 66.00, 0),
(43, 104, 1, '', '', 8, '1200.00', 593.00, 0),
(44, 106, 1, '', '', 2, '1200.00', 224.00, 0),
(45, 59, 1, '', '', 1, '0.00', 50.00, 0),
(45, 65, 2, '', '', 1, '0.00', 40.00, 0),
(46, 59, 1, '', '', 1, '0.00', 50.00, 0),
(46, 65, 2, '', '', 1, '0.00', 40.00, 0),
(47, 43, 1, '', '', 1, '0.00', 45.00, 0),
(48, 43, 1, '', '', 1, '0.00', 45.00, 0),
(49, 108, 1, '', '', 1, '1200.00', 69.50, 0),
(50, 98, 1, '', '0', 1, '1200.00', 800.00, 0),
(51, 9, 1, '', '0', 30, '0.00', 20.00, 0),
(51, 21, 2, '', '0', 100, '0.00', 0.99, 0),
(51, 53, 3, '', '0', 20, '0.00', 10.00, 0),
(52, 53, 1, '', '0', 5, '0.00', 20.00, 0);

-- --------------------------------------------------------

--
-- Estructura de tabla para la tabla `ospos_sales`
--

DROP TABLE IF EXISTS `ospos_sales`;
CREATE TABLE IF NOT EXISTS `ospos_sales` (
  `sale_id` int(10) NOT NULL AUTO_INCREMENT,
  `sale_time` timestamp NOT NULL DEFAULT CURRENT_TIMESTAMP,
  `customer_id` int(10) DEFAULT NULL,
  `employee_id` int(10) NOT NULL DEFAULT '0',
  `comment` text NOT NULL,
  `payment_type` varchar(512) DEFAULT NULL,
  `mode` tinyint(1) NOT NULL DEFAULT '0',
  `status` tinyint(1) NOT NULL DEFAULT '1',
  PRIMARY KEY (`sale_id`),
  KEY `customer_id` (`customer_id`),
  KEY `employee_id` (`employee_id`)
) ENGINE=MyISAM  DEFAULT CHARSET=latin1 AUTO_INCREMENT=53 ;

--
-- Volcado de datos para la tabla `ospos_sales`
--

INSERT INTO `ospos_sales` (`sale_id`, `sale_time`, `customer_id`, `employee_id`, `comment`, `payment_type`, `mode`, `status`) VALUES
(1, '2014-01-29 11:59:15', NULL, 1, '0', 'Cash: $25.00<br />', 2, 1),
(2, '2014-01-29 12:03:44', NULL, 1, '0', 'Cash: $448.00<br />', 2, 1),
(3, '2014-01-29 12:21:40', 2, 1, '0', 'Cash: $50.00<br />', 2, 1),
(4, '2014-01-29 12:23:02', 2, 1, '0', 'Cash: $765.80<br />', 2, 1),
(5, '2014-01-29 12:25:45', 2, 1, '0', 'Cash: $400.00<br />', 2, 1),
(6, '2014-01-29 13:13:02', 2, 1, '0', 'Cash: $448.00<br />', 2, 1),
(7, '2014-01-29 13:14:01', NULL, 1, '0', 'Cash: $433.46<br />', 0, 1),
(8, '2014-02-04 12:38:37', 3, 1, '0', 'Check: $1000.00<br />Debit Card: $2330.98<br />Cash: $1550.00<br />', 0, 1),
(9, '2014-02-04 12:43:34', 2, 1, '0', 'Cash: $48.15<br />', 2, 1),
(10, '2014-02-06 12:17:26', 2, 1, '0', 'Cash: $399.87<br />', 2, 1),
(11, '2014-03-26 14:50:38', 48, -1, '0', 'Cash: $48.15<br />', 0, 1),
(12, '2014-03-26 14:54:38', NULL, -1, '0', 'Cash: $242.74<br />', 0, 1),
(13, '2014-03-26 15:22:15', 53, -1, '0', 'Credit Card: -$830.00<br />Cash: $920.00<br />', 2, 1),
(14, '2014-03-26 15:25:39', NULL, -1, '0', 'Cash: $160.50<br />', 0, 1),
(15, '2014-03-26 15:29:10', 46, -1, '0', 'Check: $88.81<br />', 0, 1),
(16, '2014-03-26 15:33:01', 53, -1, '0', 'Credit Card: $<br />Cash: $70.00<br />', 0, 1),
(17, '2014-03-26 15:41:07', 2, -1, '0', 'Cash: $48.15<br />', 2, 1),
(18, '2014-03-26 15:43:12', NULL, -1, '0', 'Gift Card:001: $399.87<br />', 0, 1),
(19, '2014-03-26 15:43:42', NULL, -1, '0', 'Gift Card:90: $1685.25<br />', 0, 1),
(20, '2014-03-26 16:02:07', NULL, -1, '0', 'Cash: $37.45<br />', 0, 1),
(21, '2014-03-26 16:02:47', NULL, -1, '0', 'Cash: $26.75<br />', 0, 1),
(22, '2014-03-26 17:44:04', 46, -1, '0', 'Credit Card: $727.60<br />', 1, 1),
(23, '2014-03-26 17:45:05', 46, -1, '0', 'Cash: $90.95<br />', 0, 1),
(24, '2014-03-26 18:26:54', NULL, -1, '0', 'Cash: $56.50<br />', 0, 1),
(25, '2014-03-26 18:28:55', NULL, -1, '0', 'Credit Card: $100.00<br />Cash: -$57.20<br />', 0, 1),
(26, '2014-03-26 18:33:56', NULL, -1, '0', 'Gift Card:140783: $214.00<br />', 0, 1),
(27, '2014-04-11 19:21:33', NULL, -1, '0', 'Cash: $399.87<br />', 0, 1),
(28, '2014-04-11 19:22:06', NULL, -1, '0', 'Cash: $75.31<br />', 0, 1),
(29, '2014-04-11 20:11:15', NULL, -1, '0', 'Cash: $242.74<br />', 0, 1),
(30, '2014-04-22 15:05:00', 55, -1, '0', 'Cash: $2163.00<br />', 2, 1),
(31, '2014-04-22 15:23:36', 55, -1, '0', 'Cash: $990.00<br />', 2, 1),
(32, '2014-04-23 16:28:10', NULL, -1, '0', 'Cash: $399.87<br />', 0, 1),
(33, '2014-04-23 16:29:34', NULL, -1, '0', 'Cash: $40.10<br />', 0, 1),
(34, '2014-04-23 16:30:47', NULL, -1, '0', 'Cash: $85.55<br />', 0, 1),
(35, '2014-04-23 16:31:41', NULL, -1, '0', 'Cash: $399.87<br />', 0, 1),
(36, '2014-04-24 15:59:12', 55, -1, '0', 'Cash: $437.00<br />', 2, 1),
(37, '2014-04-24 16:01:22', 55, -1, '0', 'Cash: $437.00<br />', 2, 1),
(38, '2014-04-24 16:01:25', 55, -1, '0', 'Cash: $437.00<br />', 2, 1),
(39, '2014-04-24 16:02:34', 55, -1, '0', 'Cash: $642.00<br />', 2, 1),
(40, '2014-04-24 16:03:06', 55, -1, '0', 'Cash: $642.00<br />', 2, 1),
(41, '2014-04-24 16:04:15', 55, -1, '0', 'Cash: $642.00<br />', 2, 1),
(42, '2014-04-24 16:05:23', 55, -1, '0', 'Cash: $100.00<br />', 2, 1),
(43, '2014-04-24 18:24:01', 55, -1, '0', 'Cash: $86.69<br />', 2, 1),
(44, '2014-04-25 20:51:22', NULL, -1, '0', 'Cash: $494.69<br />', 0, 1),
(45, '2014-04-25 20:52:16', 55, -1, '0', 'Cash: $682.70<br />', 2, 1),
(46, '2014-05-21 19:19:37', 55, -1, '0', 'Cash: $40.10<br />', 2, 1),
(47, '2014-05-26 14:10:24', 55, -1, '0', 'Cash: $1000.00<br />Check: $388.00<br />Debit Card: $300.00<br />Credit Card: $250.00<br />', 2, 1),
(48, '2014-05-26 15:23:21', NULL, -1, '0', 'Cash: $242.74<br />', 0, 1),
(49, '2014-05-26 15:24:06', 55, -1, '0', 'Cash: $500.65<br />', 2, 1),
(50, '2014-05-26 20:23:50', NULL, -1, '0', 'Cash: $48.15<br />', 0, 1),
(51, '2014-05-29 14:05:54', NULL, -1, '0', 'Cash: $1000.57<br />Debit Card: $500.00<br />Credit Card: $450.00<br />', 0, 1),
(52, '2014-06-05 20:17:03', 57, -1, '0', 'Cash: $162.56<br />', 2, 1);

-- --------------------------------------------------------

--
-- Estructura de tabla para la tabla `ospos_sales_items`
--

DROP TABLE IF EXISTS `ospos_sales_items`;
CREATE TABLE IF NOT EXISTS `ospos_sales_items` (
  `sale_id` int(10) NOT NULL DEFAULT '0',
  `item_id` int(10) NOT NULL DEFAULT '0',
  `line` int(3) NOT NULL DEFAULT '0',
  `service_id` int(11) DEFAULT NULL,
  `description` varchar(30) DEFAULT NULL,
  `serialnumber` varchar(30) DEFAULT NULL,
  `quantity_purchased` double(15,2) NOT NULL DEFAULT '0.00',
  `item_cost_price` decimal(15,2) NOT NULL,
  `item_unit_price` double(15,2) NOT NULL,
  `discount_percent` int(11) NOT NULL DEFAULT '0',
  PRIMARY KEY (`sale_id`,`item_id`,`line`),
  UNIQUE KEY `service_id_u` (`service_id`)
) ENGINE=MyISAM DEFAULT CHARSET=latin1;

--
-- Volcado de datos para la tabla `ospos_sales_items`
--

INSERT INTO `ospos_sales_items` (`sale_id`, `item_id`, `line`, `service_id`, `description`, `serialnumber`, `quantity_purchased`, `item_cost_price`, `item_unit_price`, `discount_percent`) VALUES
(1, 85, 1, NULL, '', '', 1.00, '0.00', 25.00, 0),
(2, 106, 1, NULL, '', '', 2.00, '1200.00', 224.00, 0),
(3, 58, 1, NULL, '', '', 1.00, '0.00', 50.00, 0),
(4, 106, 1, NULL, '', '', 2.00, '1200.00', 224.00, 0),
(4, 109, 2, NULL, '', '', 2.00, '1200.00', 80.90, 0),
(4, 111, 3, NULL, '', '', 1.00, '1200.00', 156.00, 0),
(5, 105, 1, NULL, '', '', 2.00, '1200.00', 200.00, 0),
(6, 106, 1, NULL, '', '', 2.00, '1200.00', 224.00, 0),
(7, 110, 1, NULL, '', '', 2.00, '1200.00', 200.00, 0),
(8, 106, 1, NULL, '', '', 6.00, '1200.00', 300.00, 0),
(8, 109, 2, NULL, '', '', 18.00, '1200.00', 80.90, 0),
(8, 111, 3, NULL, '', '', 8.00, '1200.00', 156.00, 0),
(9, 9, 1, NULL, '', '', 1.00, '0.00', 45.00, 0),
(10, 98, 1, NULL, '', '', 1.00, '1200.00', 369.00, 0),
(11, 9, 1, NULL, '', '', 1.00, '0.00', 45.00, 0),
(12, 106, 1, NULL, '', '', 1.00, '1200.00', 224.00, 0),
(13, 65, 1, NULL, '', '', 1.00, '0.00', 40.00, 0),
(13, 59, 2, NULL, '', '', 1.00, '0.00', 50.00, 0),
(14, 50, 1, NULL, '', '', 1.00, '0.00', 75.00, 0),
(14, 65, 2, NULL, '', '', 1.00, '0.00', 40.00, 0),
(14, 68, 3, NULL, '', '', 1.00, '0.00', 35.00, 0),
(15, 16, 1, NULL, '', '', 2.00, '0.00', 30.00, 20),
(15, 69, 2, NULL, '', '', 1.00, '0.00', 35.00, 0),
(16, 69, 1, NULL, '', '', 2.00, '0.00', 35.00, 0),
(17, 43, 1, NULL, '', '', 1.00, '0.00', 45.00, 0),
(18, 98, 1, NULL, '', '', 1.00, '1200.00', 369.00, 0),
(19, 50, 1, NULL, '', '', 18.00, '0.00', 75.00, 0),
(19, 40, 2, NULL, '', '', 3.00, '0.00', 75.00, 0),
(20, 34, 1, NULL, '', '', 1.00, '0.00', 35.00, 0),
(21, 61, 1, NULL, '', '', 1.00, '0.00', 25.00, 0),
(22, 87, 1, NULL, '', '', 8.00, '0.00', 85.00, 0),
(23, 87, 1, NULL, '', '', 1.00, '0.00', 85.00, 0),
(24, 4, 1, NULL, '', '', 1.00, '0.00', 50.00, 0),
(25, 65, 2, NULL, '', '', 1.00, '0.00', 40.00, 0),
(26, 72, 1, NULL, '', '', 4.00, '0.00', 50.00, 0),
(27, 98, 1, NULL, '', '', 1.00, '1200.00', 369.00, 0),
(28, 108, 1, NULL, '', '', 1.00, '1200.00', 69.50, 0),
(29, 106, 1, NULL, '', '', 1.00, '1200.00', 224.00, 0),
(30, 98, 1, NULL, '0', '0', 3.00, '1200.00', 369.00, 0),
(30, 99, 2, NULL, '0', '0', 2.00, '1200.00', 400.00, 0),
(30, 100, 3, NULL, '', '', 1.00, '1200.00', 256.00, 0),
(31, 26, 1, NULL, '0', '0', 9.00, '0.00', 110.00, 0),
(32, 98, 1, NULL, '', '', 1.00, '1200.00', 369.00, 0),
(33, 107, 1, NULL, '', '', 1.00, '1200.00', 37.00, 0),
(34, 21, 1, NULL, '', '', 1.00, '0.00', 79.95, 0),
(35, 98, 1, NULL, '', '', 1.00, '1200.00', 369.00, 0),
(36, 107, 1, NULL, '0', '0', 1.00, '1200.00', 37.00, 0),
(36, 99, 2, NULL, '0', '0', 1.00, '1200.00', 400.00, 0),
(37, 107, 1, NULL, '0', '0', 1.00, '1200.00', 37.00, 0),
(37, 99, 2, NULL, '0', '0', 1.00, '1200.00', 400.00, 0),
(38, 107, 1, NULL, '0', '0', 1.00, '1200.00', 37.00, 0),
(38, 99, 2, NULL, '0', '0', 1.00, '1200.00', 400.00, 0),
(39, 63, 1, NULL, '0', '0', 6.00, '0.00', 100.00, 0),
(40, 63, 1, NULL, '0', '0', 6.00, '0.00', 100.00, 0),
(41, 63, 1, NULL, '0', '0', 6.00, '0.00', 100.00, 0),
(42, 63, 1, NULL, '0', '0', 1.00, '0.00', 100.00, 0),
(43, 102, 1, NULL, '', '', 1.00, '1200.00', 80.00, 0),
(44, 110, 1, NULL, '', '', 1.00, '1200.00', 200.00, 0),
(44, 108, 2, NULL, '', '', 1.00, '1200.00', 69.50, 0),
(44, 112, 3, NULL, '', '', 1.00, '1200.00', 187.00, 0),
(45, 98, 1, NULL, '0', '0', 1.00, '1200.00', 369.00, 0),
(45, 106, 2, NULL, '0', '0', 1.00, '1200.00', 224.00, 0),
(45, 107, 3, NULL, '', '', 1.00, '1200.00', 37.00, 0),
(46, 107, 1, NULL, '', '', 1.00, '1200.00', 37.00, 0),
(47, 98, 1, NULL, '0', '0', 4.00, '1200.00', 369.00, 0),
(47, 99, 2, NULL, '', '', 1.00, '1200.00', 400.00, 0),
(47, 100, 3, NULL, '0', '0', 2.00, '1200.00', 256.00, 0),
(48, 106, 1, NULL, '', '', 1.00, '1200.00', 224.00, 0),
(49, 110, 1, NULL, '0', '0', 5.00, '1200.00', 200.00, 0),
(50, 45, 1, NULL, '', '', 1.00, '0.00', 45.00, 0),
(51, 98, 1, NULL, '0', '0', 9.00, '1200.00', 200.00, 0),
(52, 1, 1, NULL, '0', '0', 5.00, '13.00', 30.00, 0);

-- --------------------------------------------------------

--
-- Estructura de tabla para la tabla `ospos_sales_items_taxes`
--

DROP TABLE IF EXISTS `ospos_sales_items_taxes`;
CREATE TABLE IF NOT EXISTS `ospos_sales_items_taxes` (
  `sale_id` int(10) NOT NULL,
  `item_id` int(10) NOT NULL,
  `line` int(3) NOT NULL DEFAULT '0',
  `name` varchar(255) NOT NULL,
  `percent` double(15,3) NOT NULL,
  PRIMARY KEY (`sale_id`,`item_id`,`line`,`name`,`percent`)
) ENGINE=MyISAM DEFAULT CHARSET=latin1;

--
-- Volcado de datos para la tabla `ospos_sales_items_taxes`
--

INSERT INTO `ospos_sales_items_taxes` (`sale_id`, `item_id`, `line`, `name`, `percent`) VALUES
(7, 110, 1, 'Sales Tax', 8.365),
(8, 106, 1, 'Sales Tax', 8.365),
(8, 109, 2, 'Sales Tax', 8.365),
(8, 111, 3, 'Sales Tax', 8.365),
(11, 9, 1, 'Sales Tax', 7.000),
(12, 106, 1, 'Sales Tax', 8.365),
(14, 50, 1, 'Sales Tax', 7.000),
(14, 65, 2, 'Sales Tax', 7.000),
(14, 68, 3, 'Sales Tax', 7.000),
(15, 16, 1, 'Sales Tax', 7.000),
(15, 69, 2, 'Sales Tax', 7.000),
(18, 98, 1, 'Sales Tax', 8.365),
(19, 40, 2, 'Sales Tax', 7.000),
(19, 50, 1, 'Sales Tax', 7.000),
(20, 34, 1, 'Sales Tax', 7.000),
(21, 61, 1, 'Sales Tax', 7.000),
(22, 87, 1, 'Sales Tax', 7.000),
(23, 87, 1, 'Sales Tax', 7.000),
(24, 4, 1, 'Sales Tax', 7.000),
(25, 65, 2, 'Sales Tax', 7.000),
(26, 72, 1, 'Sales Tax', 7.000),
(27, 98, 1, 'Sales Tax', 8.365),
(28, 108, 1, 'Sales Tax', 8.365),
(29, 106, 1, 'Sales Tax', 8.365),
(32, 98, 1, 'Sales Tax', 8.365),
(33, 107, 1, 'Sales Tax', 8.365),
(34, 21, 1, 'Sales Tax', 7.000),
(35, 98, 1, 'Sales Tax', 8.365),
(44, 108, 2, 'Sales Tax', 8.365),
(44, 110, 1, 'Sales Tax', 8.365),
(44, 112, 3, 'Sales Tax', 8.365),
(48, 106, 1, 'Sales Tax', 8.365),
(50, 45, 1, 'Sales Tax', 7.000),
(51, 98, 1, 'Sales Tax', 8.365);

-- --------------------------------------------------------

--
-- Estructura de tabla para la tabla `ospos_sales_payments`
--

DROP TABLE IF EXISTS `ospos_sales_payments`;
CREATE TABLE IF NOT EXISTS `ospos_sales_payments` (
  `sale_id` int(10) NOT NULL,
  `payment_type` varchar(40) NOT NULL,
  `payment_amount` decimal(15,2) NOT NULL,
  PRIMARY KEY (`sale_id`,`payment_type`)
) ENGINE=MyISAM DEFAULT CHARSET=latin1;

--
-- Volcado de datos para la tabla `ospos_sales_payments`
--

INSERT INTO `ospos_sales_payments` (`sale_id`, `payment_type`, `payment_amount`) VALUES
(1, 'Cash', '25.00'),
(2, 'Cash', '448.00'),
(3, 'Cash', '50.00'),
(4, 'Cash', '765.80'),
(5, 'Cash', '400.00'),
(6, 'Cash', '448.00'),
(7, 'Cash', '433.46'),
(8, 'Check', '1000.00'),
(8, 'Debit Card', '2330.98'),
(8, 'Cash', '1550.00'),
(9, 'Cash', '48.15'),
(10, 'Cash', '399.87'),
(11, 'Cash', '48.15'),
(12, 'Cash', '242.74'),
(13, 'Credit Card', '-830.00'),
(13, 'Cash', '920.00'),
(14, 'Cash', '160.50'),
(15, 'Check', '88.81'),
(16, 'Credit Card', '0.00'),
(16, 'Cash', '70.00'),
(17, 'Cash', '48.15'),
(18, 'Gift Card:001', '399.87'),
(19, 'Gift Card:90', '1685.25'),
(20, 'Cash', '37.45'),
(21, 'Cash', '26.75'),
(22, 'Credit Card', '727.60'),
(23, 'Cash', '90.95'),
(24, 'Cash', '56.50'),
(25, 'Credit Card', '100.00'),
(25, 'Cash', '-57.20'),
(26, 'Gift Card:140783', '214.00'),
(27, 'Cash', '399.87'),
(28, 'Cash', '75.31'),
(29, 'Cash', '242.74'),
(30, 'Cash', '2163.00'),
(31, 'Cash', '990.00'),
(32, 'Cash', '399.87'),
(33, 'Cash', '40.10'),
(34, 'Cash', '85.55'),
(35, 'Cash', '399.87'),
(36, 'Cash', '437.00'),
(37, 'Cash', '437.00'),
(38, 'Cash', '437.00'),
(39, 'Cash', '642.00'),
(40, 'Cash', '642.00'),
(41, 'Cash', '642.00'),
(42, 'Cash', '100.00'),
(43, 'Cash', '86.69'),
(44, 'Cash', '494.69'),
(45, 'Cash', '682.70'),
(46, 'Cash', '40.10'),
(47, 'Cash', '1000.00'),
(47, 'Check', '388.00'),
(47, 'Debit Card', '300.00'),
(47, 'Credit Card', '250.00'),
(48, 'Cash', '242.74'),
(49, 'Cash', '500.65'),
(50, 'Cash', '48.15'),
(51, 'Cash', '1000.57'),
(51, 'Debit Card', '500.00'),
(51, 'Credit Card', '450.00'),
(52, 'Cash', '162.56');

-- --------------------------------------------------------

--
-- Estructura de tabla para la tabla `ospos_sales_suspended`
--

DROP TABLE IF EXISTS `ospos_sales_suspended`;
CREATE TABLE IF NOT EXISTS `ospos_sales_suspended` (
  `sale_id` int(10) NOT NULL AUTO_INCREMENT,
  `sale_time` timestamp NOT NULL DEFAULT CURRENT_TIMESTAMP,
  `customer_id` int(10) DEFAULT NULL,
  `employee_id` int(10) NOT NULL DEFAULT '0',
  `comment` text NOT NULL,
  `payment_type` varchar(512) DEFAULT NULL,
  PRIMARY KEY (`sale_id`),
  KEY `customer_id` (`customer_id`),
  KEY `employee_id` (`employee_id`)
) ENGINE=MyISAM  DEFAULT CHARSET=latin1 AUTO_INCREMENT=6 ;

-- --------------------------------------------------------

--
-- Estructura de tabla para la tabla `ospos_sales_suspended_items`
--

DROP TABLE IF EXISTS `ospos_sales_suspended_items`;
CREATE TABLE IF NOT EXISTS `ospos_sales_suspended_items` (
  `sale_id` int(10) NOT NULL DEFAULT '0',
  `item_id` int(10) NOT NULL DEFAULT '0',
  `line` int(3) NOT NULL DEFAULT '0',
  `description` varchar(30) DEFAULT NULL,
  `serialnumber` varchar(30) DEFAULT NULL,
  `quantity_purchased` double(15,2) NOT NULL DEFAULT '0.00',
  `item_cost_price` decimal(15,2) NOT NULL,
  `item_unit_price` double(15,2) NOT NULL,
  `discount_percent` int(11) NOT NULL DEFAULT '0',
  PRIMARY KEY (`sale_id`,`item_id`,`line`)
) ENGINE=MyISAM DEFAULT CHARSET=latin1;

-- --------------------------------------------------------

--
-- Estructura de tabla para la tabla `ospos_sales_suspended_items_taxes`
--

DROP TABLE IF EXISTS `ospos_sales_suspended_items_taxes`;
CREATE TABLE IF NOT EXISTS `ospos_sales_suspended_items_taxes` (
  `sale_id` int(10) NOT NULL,
  `item_id` int(10) NOT NULL,
  `line` int(3) NOT NULL DEFAULT '0',
  `name` varchar(255) NOT NULL,
  `percent` double(15,3) NOT NULL,
  PRIMARY KEY (`sale_id`,`item_id`,`line`,`name`,`percent`)
) ENGINE=MyISAM DEFAULT CHARSET=latin1;

-- --------------------------------------------------------

--
-- Estructura de tabla para la tabla `ospos_sales_suspended_payments`
--

DROP TABLE IF EXISTS `ospos_sales_suspended_payments`;
CREATE TABLE IF NOT EXISTS `ospos_sales_suspended_payments` (
  `sale_id` int(10) NOT NULL,
  `payment_type` varchar(40) NOT NULL,
  `payment_amount` decimal(15,2) NOT NULL,
  PRIMARY KEY (`sale_id`,`payment_type`)
) ENGINE=MyISAM DEFAULT CHARSET=latin1;

-- --------------------------------------------------------

--
-- Estructura de tabla para la tabla `ospos_schedules`
--

DROP TABLE IF EXISTS `ospos_schedules`;
CREATE TABLE IF NOT EXISTS `ospos_schedules` (
  `schedule_id` int(11) NOT NULL AUTO_INCREMENT,
  `day` varchar(11) NOT NULL,
  `in` time NOT NULL,
  `out` time NOT NULL,
  `person_id` int(11) NOT NULL,
  PRIMARY KEY (`schedule_id`)
) ENGINE=MyISAM  DEFAULT CHARSET=utf8 AUTO_INCREMENT=375 ;

--
-- Volcado de datos para la tabla `ospos_schedules`
--

INSERT INTO `ospos_schedules` (`schedule_id`, `day`, `in`, `out`, `person_id`) VALUES
(367, 'Saturday', '00:00:00', '23:00:00', 1),
(162, 'Sunday', '00:00:00', '20:00:00', 5),
(366, 'Friday', '08:00:00', '22:00:00', 1),
(365, 'Thursday', '00:00:00', '23:00:00', 1),
(157, 'Sunday', '08:00:00', '19:00:00', 4),
(158, 'Monday', '08:00:00', '18:00:00', 4),
(159, 'Tuesday', '08:00:00', '16:00:00', 4),
(160, 'Wednesday', '08:00:00', '16:00:00', 4),
(161, 'Thursday', '08:00:00', '16:00:00', 4),
(163, 'Monday', '00:00:00', '20:00:00', 5),
(164, 'Tuesday', '00:00:00', '20:00:00', 5),
(165, 'Wednesday', '00:00:00', '20:00:00', 5),
(166, 'Thursday', '00:00:00', '19:00:00', 5),
(167, 'Friday', '00:00:00', '20:00:00', 5),
(168, 'Saturday', '00:00:00', '20:00:00', 5),
(169, 'Tuesday', '00:00:00', '20:00:00', 40),
(170, 'Wednesday', '00:00:00', '20:00:00', 40),
(171, 'Thursday', '00:00:00', '19:00:00', 40),
(172, 'Friday', '00:00:00', '20:00:00', 40),
(320, 'Friday', '00:00:00', '20:00:00', 42),
(319, 'Thursday', '00:00:00', '20:00:00', 42),
(364, 'Wednesday', '00:00:00', '21:00:00', 1),
(363, 'Tuesday', '00:00:00', '20:00:00', 1),
(242, 'Saturday', '00:00:00', '20:00:00', 43),
(241, 'Friday', '00:00:00', '20:00:00', 43),
(240, 'Thursday', '00:00:00', '20:00:00', 43),
(239, 'Wednesday', '00:00:00', '20:00:00', 43),
(238, 'Tuesday', '00:00:00', '20:00:00', 43),
(237, 'Monday', '00:00:00', '20:00:00', 43),
(236, 'Sunday', '00:00:00', '20:00:00', 43),
(318, 'Wednesday', '14:00:00', '20:00:00', 42),
(325, 'Friday', '12:00:00', '15:00:00', 45),
(324, 'Thursday', '08:00:00', '17:00:00', 45),
(323, 'Wednesday', '08:00:00', '16:00:00', 45),
(322, 'Tuesday', '10:00:00', '12:00:00', 45),
(321, 'Monday', '08:00:00', '14:00:00', 45),
(282, 'Saturday', '00:00:00', '23:00:00', 50),
(281, 'Friday', '00:00:00', '23:00:00', 50),
(280, 'Thursday', '00:00:00', '23:00:00', 50),
(279, 'Wednesday', '00:00:00', '23:00:00', 50),
(278, 'Tuesday', '00:00:00', '23:00:00', 50),
(277, 'Monday', '00:00:00', '23:00:00', 50),
(276, 'Sunday', '00:00:00', '23:00:00', 50),
(275, 'Saturday', '05:00:00', '06:00:00', 52),
(274, 'Friday', '15:00:00', '16:00:00', 52),
(273, 'Thursday', '15:00:00', '16:00:00', 52),
(272, 'Wednesday', '03:00:00', '04:00:00', 52),
(271, 'Tuesday', '02:00:00', '03:00:00', 52),
(270, 'Monday', '02:00:00', '08:00:00', 52),
(269, 'Sunday', '07:00:00', '12:00:00', 52),
(374, 'Saturday', '00:00:00', '23:00:00', 54),
(373, 'Friday', '00:00:00', '23:00:00', 54),
(372, 'Thursday', '00:00:00', '23:00:00', 54),
(371, 'Wednesday', '00:00:00', '23:00:00', 54),
(370, 'Tuesday', '00:00:00', '23:00:00', 54),
(369, 'Monday', '00:00:00', '23:00:00', 54),
(368, 'Sunday', '00:00:00', '23:00:00', 54),
(317, 'Tuesday', '00:00:00', '23:00:00', 42),
(362, 'Monday', '00:00:00', '21:00:00', 1),
(361, 'Sunday', '00:00:00', '23:00:00', 1);

-- --------------------------------------------------------

--
-- Estructura de tabla para la tabla `ospos_service_log`
--

DROP TABLE IF EXISTS `ospos_service_log`;
CREATE TABLE IF NOT EXISTS `ospos_service_log` (
  `service_id` int(11) NOT NULL AUTO_INCREMENT,
  `person_id` int(11) NOT NULL,
  `serial` varchar(18) DEFAULT NULL,
  `model_id` int(11) NOT NULL,
  `date_received` timestamp NULL DEFAULT CURRENT_TIMESTAMP,
  `date_delivered` datetime DEFAULT NULL,
  `comments` mediumtext,
  `status` int(1) NOT NULL DEFAULT '1',
  `deleted` int(1) DEFAULT '0',
  PRIMARY KEY (`service_id`)
) ENGINE=InnoDB  DEFAULT CHARSET=latin1 AUTO_INCREMENT=2 ;

--
-- Volcado de datos para la tabla `ospos_service_log`
--

INSERT INTO `ospos_service_log` (`service_id`, `person_id`, `serial`, `model_id`, `date_received`, `date_delivered`, `comments`, `status`, `deleted`) VALUES
(1, 1, '213123123', 1, '2014-06-10 00:00:00', NULL, 'Placerat duis ac vel dis pellentesque mauris mus integer placerat tortor lectus vel scelerisque, ut, proin tempor sit habitasse augue aliquam mus amet et a ut magna odio, natoque sit, elementum ac odio mus! Lacus placerat nascetur integer eu! Scelerisque sed et arcu ridiculus, dictumst aenean nunc enim nunc hac, enim, et urna lectus dignissim aenean! Urna nec mus massa, nisi risus cursus.', 1, 0);

-- ----------------------------
-- Table structure for `ospos_service_items`
-- ----------------------------
DROP TABLE IF EXISTS `ospos_service_items`;
CREATE TABLE `ospos_service_items` (
  `service_id` int(11) NOT NULL,
  `item_id` int(11) NOT NULL,
  PRIMARY KEY (`item_id`,`service_id`)
) ENGINE=InnoDB DEFAULT CHARSET=utf8;

-- ----------------------------
-- Records of ospos_service_items
-- ----------------------------

-- --------------------------------------------------------

--
-- Estructura de tabla para la tabla `ospos_sessions`
--

DROP TABLE IF EXISTS `ospos_sessions`;
CREATE TABLE IF NOT EXISTS `ospos_sessions` (
  `session_id` varchar(40) NOT NULL DEFAULT '0',
  `ip_address` varchar(16) NOT NULL DEFAULT '0',
  `user_agent` varchar(120) NOT NULL,
  `last_activity` int(10) unsigned NOT NULL DEFAULT '0',
  `user_data` text,
  PRIMARY KEY (`session_id`)
) ENGINE=MyISAM DEFAULT CHARSET=latin1;

--
-- Volcado de datos para la tabla `ospos_sessions`
--

INSERT INTO `ospos_sessions` (`session_id`, `ip_address`, `user_agent`, `last_activity`, `user_data`) VALUES
('1709cbd3c9b50832cd005ad405195cc5', '::1', 'Mozilla/5.0 (Windows NT 6.3; WOW64) AppleWebKit/537.36 (KHTML, like Gecko) Chrome/35.0.1916.153 Safari/537.36', 1403029881, 'a:15:{s:9:"user_data";s:0:"";s:10:"dblocation";s:7:"default";s:9:"person_id";s:2:"54";s:21:"employees_working_now";a:2:{i:0;i:0;i:1;s:2:"54";}s:4:"chat";a:0:{}s:14:"items_location";s:7:"default";s:8:"cartRecv";a:0:{}s:9:"recv_mode";s:7:"receive";s:8:"supplier";i:-1;s:8:"employee";i:-1;s:4:"cart";a:0:{}s:9:"sale_mode";s:4:"sale";s:8:"customer";i:-1;s:6:"taxing";i:1;s:8:"payments";a:0:{}}');

-- --------------------------------------------------------

--
-- Estructura de tabla para la tabla `ospos_suppliers`
--

DROP TABLE IF EXISTS `ospos_suppliers`;
CREATE TABLE IF NOT EXISTS `ospos_suppliers` (
  `person_id` int(10) NOT NULL,
  `company_name` varchar(255) NOT NULL,
  `account_number` varchar(255) DEFAULT NULL,
  `deleted` int(1) NOT NULL DEFAULT '0',
  PRIMARY KEY (`person_id`),
  UNIQUE KEY `account_number` (`account_number`)
) ENGINE=MyISAM DEFAULT CHARSET=latin1;

--
-- Volcado de datos para la tabla `ospos_suppliers`
--

INSERT INTO `ospos_suppliers` (`person_id`, `company_name`, `account_number`, `deleted`) VALUES
(90, 'Ramon Tech', NULL, 0),
(91, 'Ramon Tech', NULL, 1),
(92, 'Ramon & Supplies', NULL, 0),
(44, 'RasMen', NULL, 0),
(49, 'Websarrollo, C.A', NULL, 0),
(56, 'Repuestos CA', 'rca', 0);

-- --------------------------------------------------------

--
-- Estructura de tabla para la tabla `ospos_transfers`
--

DROP TABLE IF EXISTS `ospos_transfers`;
CREATE TABLE IF NOT EXISTS `ospos_transfers` (
  `transfer_id` int(11) unsigned NOT NULL AUTO_INCREMENT,
  `sender` varchar(20) NOT NULL,
  `receiver` varchar(20) NOT NULL,
  `date` date DEFAULT NULL,
  `status` tinyint(1) NOT NULL DEFAULT '1',
  `comment` text NOT NULL,
  `payment_type` varchar(512) NOT NULL,
  PRIMARY KEY (`transfer_id`)
) ENGINE=InnoDB  DEFAULT CHARSET=latin1 AUTO_INCREMENT=14 ;

--
-- Volcado de datos para la tabla `ospos_transfers`
--

INSERT INTO `ospos_transfers` (`transfer_id`, `sender`, `receiver`, `date`, `status`, `comment`, `payment_type`) VALUES
(1, 'default', 'other', '2013-12-13', 1, '', ''),
(2, 'default', 'other', '2013-12-13', 1, '', ''),
(3, 'default', 'other', '2013-12-13', 1, '', ''),
(4, 'default', 'other', '2013-12-13', 1, '', ''),
(5, 'default', 'other', '2014-01-13', 1, '', ''),
(6, 'default', 'default', '2014-01-15', 0, '', ''),
(7, 'default', 'other', '2014-01-15', 0, '', ''),
(8, 'default', 'other', '2014-01-16', 1, '', ''),
(9, 'default', 'other', '2014-01-20', 1, '', ''),
(10, 'default', 'other', '2014-01-20', 1, '', ''),
(11, 'default', 'other', '2014-01-22', 1, '', ''),
(12, 'default', 'other', '2014-01-22', 1, '', ''),
(13, 'default', 'miharbito_db', '2014-03-26', 1, '', '');

-- --------------------------------------------------------

--
-- Estructura de tabla para la tabla `ospos_transfer_items`
--

DROP TABLE IF EXISTS `ospos_transfer_items`;
CREATE TABLE IF NOT EXISTS `ospos_transfer_items` (
  `id` int(10) NOT NULL AUTO_INCREMENT,
  `transfer_id` int(11) NOT NULL,
  `item_id` int(10) NOT NULL,
  `quantity_purchased` double(15,0) NOT NULL DEFAULT '1',
  `description` varchar(30) DEFAULT NULL,
  `serialnumber` varchar(30) DEFAULT NULL,
  `line` int(3) NOT NULL,
  `item_cost_price` decimal(15,2) NOT NULL,
  `item_unit_price` double(15,2) NOT NULL,
  `discount_percent` int(11) NOT NULL,
  PRIMARY KEY (`id`)
) ENGINE=InnoDB  DEFAULT CHARSET=latin1 AUTO_INCREMENT=44 ;

--
-- Volcado de datos para la tabla `ospos_transfer_items`
--

INSERT INTO `ospos_transfer_items` (`id`, `transfer_id`, `item_id`, `quantity_purchased`, `description`, `serialnumber`, `line`, `item_cost_price`, `item_unit_price`, `discount_percent`) VALUES
(1, 1, 20, 17, NULL, NULL, 0, '0.00', 0.00, 0),
(2, 1, 71, 4, NULL, NULL, 0, '0.00', 0.00, 0),
(3, 1, 99, 22, NULL, NULL, 0, '0.00', 0.00, 0),
(4, 1, 100, 7, NULL, NULL, 0, '0.00', 0.00, 0),
(5, 1, 101, 12, NULL, NULL, 0, '0.00', 0.00, 0),
(6, 1, 102, 23, NULL, NULL, 0, '0.00', 0.00, 0),
(7, 1, 103, 78, NULL, NULL, 0, '0.00', 0.00, 0),
(8, 2, 62, 1, NULL, NULL, 0, '0.00', 0.00, 0),
(9, 2, 99, 20, NULL, NULL, 0, '0.00', 0.00, 0),
(10, 3, 84, 1, NULL, NULL, 0, '0.00', 0.00, 0),
(11, 3, 104, 1, NULL, NULL, 0, '0.00', 0.00, 0),
(12, 4, 1, 20, NULL, NULL, 0, '0.00', 0.00, 0),
(13, 4, 20, 5, NULL, NULL, 0, '0.00', 0.00, 0),
(14, 4, 82, 1, NULL, NULL, 0, '0.00', 0.00, 0),
(15, 5, 108, 1, NULL, NULL, 0, '0.00', 0.00, 0),
(16, 6, 104, 2, NULL, NULL, 0, '0.00', 0.00, 0),
(17, 6, 105, 4, NULL, NULL, 0, '0.00', 0.00, 0),
(18, 6, 106, 6, NULL, NULL, 0, '0.00', 0.00, 0),
(19, 7, 104, 8, NULL, NULL, 0, '0.00', 0.00, 0),
(20, 8, 43, 6, NULL, NULL, 0, '0.00', 0.00, 0),
(21, 9, 4, 4, NULL, NULL, 0, '0.00', 0.00, 0),
(22, 9, 43, 4, NULL, NULL, 0, '0.00', 0.00, 0),
(23, 9, 55, 10, NULL, NULL, 0, '0.00', 0.00, 0),
(24, 9, 58, 5, NULL, NULL, 0, '0.00', 0.00, 0),
(25, 9, 68, 8, NULL, NULL, 0, '0.00', 0.00, 0),
(26, 10, 108, 1, NULL, NULL, 0, '0.00', 0.00, 0),
(27, 10, 111, 1, NULL, NULL, 0, '0.00', 0.00, 0),
(28, 10, 112, 1, NULL, NULL, 0, '0.00', 0.00, 0),
(29, 11, 109, 1, NULL, NULL, 0, '0.00', 0.00, 0),
(30, 11, 110, 7, NULL, NULL, 0, '0.00', 0.00, 0),
(31, 12, 2, 1, NULL, NULL, 0, '0.00', 0.00, 0),
(32, 12, 50, 1, NULL, NULL, 0, '0.00', 0.00, 0),
(33, 13, 2, 1, NULL, NULL, 0, '0.00', 0.00, 0),
(34, 13, 13, 1, NULL, NULL, 0, '0.00', 0.00, 0),
(35, 13, 43, 1, NULL, NULL, 0, '0.00', 0.00, 0),
(36, 13, 46, 1, NULL, NULL, 0, '0.00', 0.00, 0),
(37, 13, 63, 1, NULL, NULL, 0, '0.00', 0.00, 0),
(38, 13, 82, 1, NULL, NULL, 0, '0.00', 0.00, 0),
(39, 13, 97, 1, NULL, NULL, 0, '0.00', 0.00, 0),
(40, 13, 106, 1, NULL, NULL, 0, '0.00', 0.00, 0),
(41, 13, 109, 1, NULL, NULL, 0, '0.00', 0.00, 0),
(42, 13, 132, 1, NULL, NULL, 0, '0.00', 0.00, 0),
(43, 13, 133, 1, NULL, NULL, 0, '0.00', 0.00, 0);

--
-- Restricciones para tablas volcadas
--

--
-- Filtros para la tabla `ospos_model`
--
ALTER TABLE `ospos_model`
  ADD CONSTRAINT `modelphone_brand` FOREIGN KEY (`brand_id`) REFERENCES `ospos_brand` (`brand_id`);

/*!40101 SET CHARACTER_SET_CLIENT=@OLD_CHARACTER_SET_CLIENT */;
/*!40101 SET CHARACTER_SET_RESULTS=@OLD_CHARACTER_SET_RESULTS */;
/*!40101 SET COLLATION_CONNECTION=@OLD_COLLATION_CONNECTION */;
